-- phpMyAdmin SQL Dump
-- version 4.7.1
-- https://www.phpmyadmin.net/
--
-- Host: localhost:3306
-- Generation Time: Dec 05, 2017 at 03:50 PM
-- Server version: 10.1.29-MariaDB
-- PHP Version: 7.0.25

SET SQL_MODE = "NO_AUTO_VALUE_ON_ZERO";
SET AUTOCOMMIT = 0;
START TRANSACTION;
SET time_zone = "+00:00";


/*!40101 SET @OLD_CHARACTER_SET_CLIENT=@@CHARACTER_SET_CLIENT */;
/*!40101 SET @OLD_CHARACTER_SET_RESULTS=@@CHARACTER_SET_RESULTS */;
/*!40101 SET @OLD_COLLATION_CONNECTION=@@COLLATION_CONNECTION */;
/*!40101 SET NAMES utf8mb4 */;

--
-- Database: `u714505570_track`
--

-- --------------------------------------------------------

--
-- Table structure for table `points`
--

CREATE TABLE `points` (
  `id` int(11) NOT NULL,
  `workoutid` int(11) NOT NULL,
  `latitude` double NOT NULL,
  `longitude` double NOT NULL,
  `time` int(11) NOT NULL,
  `distance` int(11) NOT NULL,
  `speed` double NOT NULL,
  `date` date NOT NULL
) ENGINE=InnoDB DEFAULT CHARSET=utf8 COLLATE=utf8_unicode_ci;

--
-- Dumping data for table `points`
--

INSERT INTO `points` (`id`, `workoutid`, `latitude`, `longitude`, `time`, `distance`, `speed`, `date`) VALUES
(1, 1, 37.33015134, -122.02252873, 4, 12, 3.62, '2017-11-24'),
(2, 1, 37.33017177, -122.02265234, 1, 3, 3.54, '2017-11-24'),
(3, 1, 37.33015856, -122.02257019, 3, 9, 3.57, '2017-11-24'),
(4, 1, 37.33016612, -122.02261109, 2, 6, 3.61, '2017-11-24'),
(5, 1, 37.33014389, -122.02248605, 5, 15, 3.71, '2017-11-24'),
(6, 1, 37.33013541, -122.02244406, 6, 18, 3.67, '2017-11-24'),
(7, 1, 37.33012254, -122.02235491, 8, 26, 3.79, '2017-11-24'),
(8, 1, 37.33012571, -122.02240034, 7, 22, 3.82, '2017-11-24'),
(9, 1, 37.3301169, -122.02230795, 9, 30, 3.94, '2017-11-24'),
(10, 1, 37.33011274, -122.02226048, 10, 34, 3.9, '2017-11-24'),
(11, 1, 37.33010907, -122.02221229, 11, 38, 3.99, '2017-11-24'),
(12, 1, 37.33010689, -122.02216391, 12, 42, 4.08, '2017-11-24'),
(13, 1, 37.33010651, -122.02211705, 13, 46, 3.95, '2017-11-24'),
(14, 1, 37.33010625, -122.02207189, 14, 50, 3.85, '2017-11-24'),
(15, 1, 37.33010478, -122.02202626, 15, 54, 3.78, '2017-11-24'),
(16, 1, 37.33010353, -122.02197838, 16, 58, 3.86, '2017-11-24'),
(17, 1, 37.3301022, -122.02193103, 17, 62, 3.71, '2017-11-24'),
(18, 1, 37.33010093, -122.02188644, 18, 65, 3.65, '2017-11-24'),
(19, 1, 37.33009788, -122.0217998, 20, 71, 3.51, '2017-11-24'),
(20, 1, 37.33009834, -122.02184276, 19, 68, 3.65, '2017-11-24'),
(21, 1, 37.33009305, -122.02171199, 22, 77, 3.68, '2017-11-24'),
(22, 1, 37.33009437, -122.02175602, 21, 74, 3.68, '2017-11-24'),
(23, 1, 37.33009179, -122.02166972, 23, 80, 3.54, '2017-11-24'),
(24, 1, 37.33008848, -122.02162795, 24, 83, 3.54, '2017-11-24'),
(25, 1, 37.33008671, -122.02158594, 25, 86, 3.55, '2017-11-24'),
(26, 1, 37.33008583, -122.02154276, 26, 89, 3.59, '2017-11-24'),
(27, 1, 37.33007961, -122.0214535, 28, 96, 3.72, '2017-11-24'),
(28, 1, 37.33008277, -122.02149879, 27, 92, 3.64, '2017-11-24'),
(29, 1, 37.33008066, -122.02136042, 30, 104, 3.82, '2017-11-24'),
(30, 1, 37.33007781, -122.02140676, 29, 100, 3.8, '2017-11-24'),
(31, 1, 37.33007538, -122.02126848, 32, 112, 3.84, '2017-11-24'),
(32, 1, 37.33007701, -122.02131427, 31, 108, 3.87, '2017-11-24'),
(33, 1, 37.33006921, -122.02117912, 34, 119, 3.82, '2017-11-24'),
(34, 1, 37.33007095, -122.02122343, 33, 116, 3.8, '2017-11-24'),
(35, 1, 37.33006622, -122.02113459, 35, 122, 3.85, '2017-11-24'),
(36, 1, 37.33006472, -122.02108977, 36, 125, 3.87, '2017-11-24'),
(37, 1, 37.33005805, -122.02100589, 38, 131, 3.62, '2017-11-24'),
(38, 1, 37.33006418, -122.02104771, 37, 128, 3.57, '2017-11-24'),
(39, 1, 37.33005128, -122.02096376, 39, 134, 3.54, '2017-11-24'),
(40, 1, 37.33004483, -122.02092215, 40, 137, 3.54, '2017-11-24'),
(41, 1, 37.33002981, -122.0208385, 42, 143, 3.6, '2017-11-24'),
(42, 1, 37.33003773, -122.02088037, 41, 140, 3.59, '2017-11-24'),
(43, 1, 37.33001872, -122.0207926, 43, 147, 3.82, '2017-11-24'),
(44, 1, 37.33000706, -122.02074717, 44, 151, 3.84, '2017-11-24'),
(45, 1, 37.32998178, -122.0206589, 46, 159, 3.81, '2017-11-24'),
(46, 1, 37.3299956, -122.02070219, 45, 155, 3.83, '2017-11-24'),
(47, 1, 37.32996915, -122.02061533, 47, 163, 3.81, '2017-11-24'),
(48, 1, 37.3299556, -122.02057212, 48, 167, 3.81, '2017-11-24'),
(49, 1, 37.32994172, -122.02053031, 49, 171, 3.64, '2017-11-24'),
(50, 1, 37.32992844, -122.02048982, 50, 174, 3.53, '2017-11-24'),
(51, 1, 37.3299178, -122.02044999, 51, 177, 3.46, '2017-11-24'),
(52, 1, 37.32990718, -122.02041136, 52, 180, 3.39, '2017-11-24'),
(53, 1, 37.32989753, -122.02037272, 53, 183, 3.39, '2017-11-24'),
(54, 1, 37.32988681, -122.02033604, 54, 186, 3.38, '2017-11-24'),
(55, 1, 37.32987133, -122.0202987, 55, 189, 3.59, '2017-11-24'),
(56, 1, 37.32985921, -122.02025905, 56, 192, 3.6, '2017-11-24'),
(57, 1, 37.32984991, -122.02021905, 57, 195, 3.61, '2017-11-24'),
(58, 1, 37.32984184, -122.02018095, 58, 198, 3.44, '2017-11-24'),
(59, 1, 37.32983646, -122.02014032, 59, 201, 3.08, '2017-11-24'),
(60, 1, 37.32982927, -122.02010077, 60, 204, 3.13, '2017-11-24'),
(61, 1, 37.32982326, -122.02006171, 61, 207, 3.13, '2017-11-24'),
(62, 1, 37.32981824, -122.02002244, 62, 210, 3.17, '2017-11-24'),
(63, 1, 37.32980777, -122.01998172, 63, 213, 3.62, '2017-11-24'),
(64, 1, 37.32979513, -122.01994945, 64, 216, 2.99, '2017-11-24'),
(65, 1, 37.32978101, -122.01991606, 65, 219, 3.12, '2017-11-24'),
(66, 1, 37.32973394, -122.01987865, 67, 224, 2.95, '2017-11-24'),
(67, 1, 37.32975796, -122.01989151, 66, 222, 3.28, '2017-11-24'),
(68, 1, 37.32970557, -122.01986866, 68, 227, 3.18, '2017-11-24'),
(69, 1, 37.32967544, -122.01985883, 69, 230, 3.37, '2017-11-24'),
(70, 1, 37.32964523, -122.01984995, 70, 233, 3.37, '2017-11-24'),
(71, 1, 37.32961455, -122.01984354, 71, 236, 3.41, '2017-11-24'),
(72, 1, 37.32959, -122.01983783, 72, 238, 2.5, '2017-11-24'),
(73, 1, 37.3295584, -122.01983681, 73, 241, 3.3, '2017-11-24'),
(74, 1, 37.32952569, -122.01982409, 74, 244, 3.25, '2017-11-24'),
(75, 1, 37.3294947, -122.01981286, 75, 247, 3.19, '2017-11-24'),
(76, 1, 37.3294642, -122.01981015, 76, 250, 3.19, '2017-11-24'),
(77, 1, 37.32943421, -122.01980636, 77, 253, 3.17, '2017-11-24'),
(78, 1, 37.32940293, -122.01980518, 78, 256, 3.33, '2017-11-24'),
(79, 1, 37.32937093, -122.01980528, 79, 259, 3.39, '2017-11-24'),
(80, 1, 37.32933984, -122.01980544, 80, 262, 3.26, '2017-11-24'),
(81, 1, 37.32930563, -122.0198043, 81, 265, 3.25, '2017-11-24'),
(82, 1, 37.3292702, -122.01979798, 82, 268, 3.27, '2017-11-24'),
(83, 1, 37.3292345, -122.01979471, 83, 271, 3.26, '2017-11-24'),
(84, 2, 37.32890653, -122.01979843, 1, 3, 3.42, '2017-11-24'),
(85, 2, 37.32880772, -122.01980348, 4, 12, 3.68, '2017-11-24'),
(86, 2, 37.3288743, -122.01979896, 2, 6, 3.49, '2017-11-24'),
(87, 2, 37.32884136, -122.01980191, 3, 9, 3.63, '2017-11-24'),
(88, 2, 37.32877317, -122.0198055, 5, 15, 3.74, '2017-11-24'),
(89, 2, 37.32873847, -122.01980584, 6, 18, 3.68, '2017-11-24'),
(90, 2, 37.32870346, -122.01980704, 7, 21, 3.69, '2017-11-24'),
(91, 2, 37.32866874, -122.01980878, 8, 24, 3.62, '2017-11-24'),
(92, 2, 37.32863463, -122.0198088, 9, 27, 3.47, '2017-11-24'),
(93, 2, 37.32860074, -122.0198079, 10, 30, 3.51, '2017-11-24'),
(94, 2, 37.32856671, -122.01980584, 11, 33, 3.58, '2017-11-24'),
(95, 2, 37.32853204, -122.0198032, 12, 36, 3.59, '2017-11-24'),
(96, 2, 37.32849709, -122.01980393, 13, 39, 3.47, '2017-11-24'),
(97, 2, 37.32846266, -122.01980648, 14, 42, 3.48, '2017-11-24'),
(98, 2, 37.32843164, -122.01980668, 15, 45, 2.74, '2017-11-24'),
(99, 2, 37.3284009, -122.01980697, 16, 48, 3.09, '2017-11-24'),
(100, 2, 37.32837008, -122.01980712, 17, 51, 3.2, '2017-11-24'),
(101, 2, 37.32833935, -122.01980995, 18, 54, 3.14, '2017-11-24'),
(102, 2, 37.32830856, -122.01981483, 19, 57, 3.19, '2017-11-24'),
(103, 2, 37.32827747, -122.01981961, 20, 60, 3.16, '2017-11-24'),
(104, 2, 37.32824517, -122.01982348, 21, 63, 3.38, '2017-11-24'),
(105, 2, 37.32821272, -122.01982564, 22, 66, 3.16, '2017-11-24'),
(106, 2, 37.32817918, -122.01983013, 23, 69, 3.58, '2017-11-24'),
(107, 2, 37.32814552, -122.01983108, 24, 72, 3.6, '2017-11-24'),
(108, 2, 37.32811188, -122.01983097, 25, 75, 3.69, '2017-11-24'),
(109, 2, 37.32804635, -122.01983021, 27, 81, 3.3, '2017-11-24'),
(110, 2, 37.32807821, -122.01983117, 26, 78, 3.74, '2017-11-24'),
(111, 2, 37.3280145, -122.01982894, 28, 84, 3.44, '2017-11-24'),
(112, 3, 37.33142585, -122.03072774, 1, 4, 3.75, '2017-11-24'),
(113, 3, 37.33138836, -122.03072798, 2, 8, 3.66, '2017-11-24'),
(114, 3, 37.33135095, -122.03073463, 3, 12, 3.68, '2017-11-24'),
(115, 3, 37.33131509, -122.03073779, 4, 15, 3.49, '2017-11-24'),
(116, 3, 37.33128013, -122.03073774, 5, 18, 3.43, '2017-11-24'),
(117, 3, 37.33124551, -122.03073664, 6, 21, 3.45, '2017-11-24'),
(118, 3, 37.33121136, -122.03073097, 7, 24, 3.45, '2017-11-24'),
(119, 3, 37.33117775, -122.03072292, 8, 27, 3.46, '2017-11-24'),
(120, 3, 37.33114614, -122.03071071, 9, 30, 3.37, '2017-11-24'),
(121, 3, 37.3311133, -122.03069859, 10, 33, 3.53, '2017-11-24'),
(122, 3, 37.33108059, -122.03068245, 11, 36, 3.63, '2017-11-24'),
(123, 3, 37.33104629, -122.03067027, 12, 39, 3.69, '2017-11-24'),
(124, 3, 37.33101308, -122.03065487, 13, 42, 3.67, '2017-11-24'),
(125, 3, 37.33097983, -122.03063943, 14, 45, 3.73, '2017-11-24'),
(126, 3, 37.33094637, -122.0306305, 15, 48, 3.64, '2017-11-24'),
(127, 3, 37.33091383, -122.03061321, 16, 51, 3.74, '2017-11-24'),
(128, 3, 37.33087803, -122.0305999, 17, 55, 4, '2017-11-24'),
(129, 3, 37.33084313, -122.03058427, 18, 59, 3.94, '2017-11-24'),
(130, 3, 37.33080974, -122.03057107, 19, 62, 3.73, '2017-11-24'),
(131, 3, 37.33077759, -122.03056052, 20, 65, 3.57, '2017-11-24'),
(132, 3, 37.3307498, -122.03054302, 21, 68, 3.31, '2017-11-24'),
(133, 3, 37.33072336, -122.0305179, 22, 71, 3.57, '2017-11-24'),
(134, 3, 37.33070386, -122.03044428, 24, 77, 3.39, '2017-11-24'),
(135, 3, 37.3307092, -122.03048122, 23, 74, 3.56, '2017-11-24'),
(136, 3, 37.33070704, -122.03039943, 25, 80, 4.2, '2017-11-24'),
(137, 3, 37.33069778, -122.03035543, 26, 84, 4.08, '2017-11-24'),
(138, 3, 37.33069131, -122.03031299, 27, 87, 3.89, '2017-11-24'),
(139, 3, 37.33068392, -122.03028038, 28, 90, 2.89, '2017-11-24'),
(140, 3, 37.33067157, -122.0302499, 29, 93, 2.89, '2017-11-24'),
(141, 3, 37.33067599, -122.03021599, 30, 96, 2.91, '2017-11-24'),
(142, 3, 37.33067237, -122.03014382, 32, 102, 3.01, '2017-11-24'),
(143, 3, 37.33067203, -122.03018068, 31, 99, 2.93, '2017-11-24'),
(144, 3, 37.33067314, -122.03010645, 33, 105, 3.02, '2017-11-24'),
(145, 3, 37.33067364, -122.03006986, 34, 108, 3, '2017-11-24'),
(146, 3, 37.33067186, -122.03002927, 35, 111, 3.3, '2017-11-24'),
(147, 3, 37.33067784, -122.02998825, 36, 114, 3.32, '2017-11-24'),
(148, 3, 37.33067786, -122.02994396, 37, 117, 3.56, '2017-11-24'),
(149, 3, 37.3306811, -122.02990041, 38, 120, 3.52, '2017-11-24'),
(150, 3, 37.33068129, -122.02985192, 39, 124, 3.99, '2017-11-24'),
(151, 3, 37.33068623, -122.02980523, 40, 128, 3.89, '2017-11-24'),
(152, 3, 37.33068906, -122.02976028, 41, 131, 3.72, '2017-11-24'),
(153, 3, 37.33069273, -122.02971484, 42, 135, 3.81, '2017-11-24'),
(154, 3, 37.33069626, -122.02967106, 43, 138, 3.62, '2017-11-24'),
(155, 3, 37.33069782, -122.02962241, 44, 142, 4.09, '2017-11-24'),
(156, 3, 37.33070248, -122.02957434, 45, 146, 4.09, '2017-11-24'),
(157, 3, 37.33070167, -122.02952527, 46, 150, 4.15, '2017-11-24'),
(158, 3, 37.33069587, -122.02943077, 48, 158, 3.99, '2017-11-24'),
(159, 3, 37.33069712, -122.02947821, 47, 154, 3.96, '2017-11-24'),
(160, 3, 37.3306951, -122.02938314, 49, 162, 4.05, '2017-11-24'),
(161, 3, 37.33069543, -122.02933632, 50, 166, 4.01, '2017-11-24'),
(162, 3, 37.33069809, -122.0292907, 51, 170, 3.96, '2017-11-24'),
(163, 3, 37.33070027, -122.02924324, 52, 174, 4.15, '2017-11-24'),
(164, 3, 37.33070633, -122.02919726, 53, 178, 4.02, '2017-11-24'),
(165, 3, 37.33070542, -122.02915124, 54, 182, 3.94, '2017-11-24'),
(166, 3, 37.33070456, -122.02910692, 55, 185, 3.78, '2017-11-24'),
(167, 3, 37.33069279, -122.02906734, 56, 188, 3.65, '2017-11-24'),
(168, 3, 37.33066955, -122.02903319, 57, 191, 4.02, '2017-11-24'),
(169, 3, 37.330648, -122.02900846, 58, 194, 3.27, '2017-11-24'),
(170, 3, 37.33062182, -122.02898027, 59, 197, 3.85, '2017-11-24'),
(171, 3, 37.33058072, -122.02891659, 61, 203, 3.55, '2017-11-24'),
(172, 3, 37.33059652, -122.02895228, 60, 200, 3.73, '2017-11-24'),
(173, 3, 37.33056973, -122.0288791, 62, 206, 3.51, '2017-11-24'),
(174, 3, 37.33055626, -122.02884282, 63, 209, 3.5, '2017-11-24'),
(175, 3, 37.33053506, -122.0288101, 64, 212, 3.66, '2017-11-24'),
(176, 3, 37.33051554, -122.02877508, 65, 215, 3.67, '2017-11-24'),
(177, 3, 37.33049888, -122.02873696, 66, 218, 3.68, '2017-11-24'),
(178, 3, 37.33047789, -122.02870208, 67, 221, 3.68, '2017-11-24'),
(179, 3, 37.33043806, -122.02863337, 69, 227, 3.57, '2017-11-24'),
(180, 3, 37.33045837, -122.02866686, 68, 224, 3.62, '2017-11-24'),
(181, 3, 37.3304198, -122.02859976, 70, 230, 3.46, '2017-11-24'),
(182, 3, 37.33039971, -122.02856703, 71, 233, 3.51, '2017-11-24'),
(183, 3, 37.33038621, -122.02852904, 72, 236, 3.55, '2017-11-24'),
(184, 3, 37.33037224, -122.02849058, 73, 239, 3.55, '2017-11-24'),
(185, 3, 37.33036067, -122.02845007, 74, 242, 3.64, '2017-11-24'),
(186, 3, 37.33035778, -122.02841155, 75, 245, 3.4, '2017-11-24'),
(187, 3, 37.33035169, -122.02837464, 76, 248, 3.32, '2017-11-24'),
(188, 3, 37.33034447, -122.02830316, 78, 254, 3.14, '2017-11-24'),
(189, 3, 37.33034578, -122.02833843, 77, 251, 3.24, '2017-11-24'),
(190, 3, 37.33033364, -122.02826665, 79, 257, 3.36, '2017-11-24'),
(191, 3, 37.33031773, -122.02822915, 80, 260, 3.67, '2017-11-24'),
(192, 3, 37.33029063, -122.02815119, 82, 267, 3.52, '2017-11-24'),
(193, 3, 37.33029655, -122.02819114, 81, 264, 4.04, '2017-11-24'),
(194, 3, 37.33028771, -122.02810514, 83, 271, 4.05, '2017-11-24'),
(195, 3, 37.33028312, -122.02805328, 84, 275, 4.05, '2017-11-24'),
(196, 3, 37.33027655, -122.02794361, 86, 283, 4.2, '2017-11-24'),
(197, 3, 37.33028179, -122.02799851, 85, 279, 4.21, '2017-11-24'),
(198, 3, 37.33027293, -122.02788965, 87, 287, 4.17, '2017-11-24'),
(199, 3, 37.33026634, -122.0278357, 88, 291, 4.27, '2017-11-24'),
(200, 3, 37.33026525, -122.02778504, 89, 295, 4.01, '2017-11-24'),
(201, 3, 37.33026222, -122.02773507, 90, 299, 4, '2017-11-24'),
(202, 3, 37.33026014, -122.02768476, 91, 303, 4.09, '2017-11-24'),
(203, 3, 37.33025622, -122.02763446, 92, 307, 4.13, '2017-11-24'),
(204, 3, 37.33025362, -122.02758396, 93, 311, 4.16, '2017-11-24'),
(205, 3, 37.33025232, -122.02753387, 94, 315, 4.14, '2017-11-24'),
(206, 3, 37.33025158, -122.02748438, 95, 319, 4.11, '2017-11-24'),
(207, 3, 37.3302507, -122.027435, 96, 323, 4.1, '2017-11-24'),
(208, 3, 37.33025023, -122.02738579, 97, 327, 4.13, '2017-11-24'),
(209, 3, 37.33024947, -122.0273368, 98, 331, 4.12, '2017-11-24'),
(210, 3, 37.33024878, -122.02728991, 99, 335, 3.92, '2017-11-24'),
(211, 3, 37.330248, -122.02724276, 100, 339, 3.94, '2017-11-24'),
(212, 3, 37.33024596, -122.02719578, 101, 343, 3.91, '2017-11-24'),
(213, 3, 37.33023967, -122.02714858, 102, 347, 4.02, '2017-11-24'),
(214, 3, 37.33023637, -122.02710112, 103, 351, 4, '2017-11-24'),
(215, 3, 37.33023302, -122.0270539, 104, 355, 3.98, '2017-11-24'),
(216, 3, 37.33023066, -122.02700675, 105, 359, 3.98, '2017-11-24'),
(217, 3, 37.33023165, -122.02695957, 106, 363, 3.97, '2017-11-24'),
(218, 3, 37.33023169, -122.02690797, 107, 367, 4.42, '2017-11-24'),
(219, 3, 37.33022841, -122.02685943, 108, 371, 4.22, '2017-11-24'),
(220, 3, 37.33022267, -122.02681114, 109, 375, 4.23, '2017-11-24'),
(221, 3, 37.33021775, -122.0267642, 110, 379, 4, '2017-11-24'),
(222, 3, 37.33021261, -122.02671669, 112, 383, 4.09, '2017-11-24'),
(223, 3, 37.33020941, -122.02666981, 113, 387, 4.02, '2017-11-24'),
(224, 3, 37.33020696, -122.02657718, 115, 395, 3.98, '2017-11-24'),
(225, 3, 37.33020948, -122.02662384, 114, 391, 3.92, '2017-11-24'),
(226, 3, 37.33020798, -122.0265316, 116, 399, 3.78, '2017-11-24'),
(227, 3, 37.33020748, -122.02648743, 117, 402, 3.7, '2017-11-24'),
(228, 3, 37.33020595, -122.02644197, 118, 406, 3.81, '2017-11-24'),
(229, 3, 37.33020503, -122.02639735, 119, 409, 3.75, '2017-11-24'),
(230, 3, 37.33020389, -122.02635116, 120, 413, 3.86, '2017-11-24'),
(231, 3, 37.33020298, -122.02630513, 121, 417, 3.8, '2017-11-24'),
(232, 3, 37.33020057, -122.02625808, 122, 421, 3.93, '2017-11-24'),
(233, 3, 37.33019755, -122.02616308, 124, 429, 3.85, '2017-11-24'),
(234, 3, 37.3301996, -122.02621029, 123, 425, 3.95, '2017-11-24'),
(235, 3, 37.33019556, -122.02611639, 125, 433, 3.86, '2017-11-24'),
(236, 3, 37.33019589, -122.02607266, 126, 436, 3.57, '2017-11-24'),
(237, 3, 37.33019345, -122.02598301, 128, 443, 3.8, '2017-11-24'),
(238, 3, 37.33019379, -122.02593683, 129, 447, 3.79, '2017-11-24'),
(239, 3, 37.3301924, -122.02602822, 127, 439, 3.71, '2017-11-24'),
(240, 3, 37.33019476, -122.02584787, 131, 454, 3.43, '2017-11-24'),
(241, 3, 37.33019316, -122.02589012, 130, 451, 3.87, '2017-11-24'),
(242, 3, 37.33019225, -122.02580206, 132, 458, 3.8, '2017-11-24'),
(243, 3, 37.3301922, -122.02575657, 133, 462, 3.7, '2017-11-24'),
(244, 3, 37.33019085, -122.02571177, 134, 465, 3.69, '2017-11-24'),
(245, 3, 37.33019062, -122.02566455, 135, 469, 3.8, '2017-11-24'),
(246, 3, 37.33019121, -122.02561845, 136, 473, 3.75, '2017-11-24'),
(247, 3, 37.33019019, -122.02557003, 137, 477, 4.1, '2017-11-24'),
(248, 3, 37.33019528, -122.02552394, 138, 481, 3.96, '2017-11-24'),
(249, 3, 37.33019539, -122.02547858, 139, 485, 3.91, '2017-11-24'),
(250, 3, 37.33019612, -122.02543657, 140, 488, 3.61, '2017-11-24'),
(251, 3, 37.3301975, -122.02539606, 141, 491, 3.5, '2017-11-24'),
(252, 3, 37.33019912, -122.02535325, 142, 494, 3.76, '2017-11-24'),
(253, 3, 37.33020173, -122.0253108, 143, 497, 3.72, '2017-11-24'),
(254, 3, 37.33020607, -122.0252685, 144, 500, 3.71, '2017-11-24'),
(255, 3, 37.33020693, -122.02522546, 145, 503, 3.71, '2017-11-24'),
(256, 3, 37.3302082, -122.02518302, 146, 506, 3.61, '2017-11-24'),
(257, 3, 37.33020881, -122.02514114, 147, 509, 3.57, '2017-11-24'),
(258, 3, 37.33020963, -122.02510043, 148, 512, 3.48, '2017-11-24'),
(259, 3, 37.33020839, -122.02506027, 149, 515, 3.43, '2017-11-24'),
(260, 3, 37.33020628, -122.02501579, 150, 518, 3.39, '2017-11-24'),
(261, 3, 37.33020182, -122.02497163, 151, 521, 3.5, '2017-11-24'),
(262, 3, 37.33020018, -122.02492705, 152, 524, 3.6, '2017-11-24'),
(263, 3, 37.3302024, -122.02488379, 153, 527, 3.51, '2017-11-24'),
(264, 3, 37.33020021, -122.02484108, 154, 530, 3.5, '2017-11-24'),
(265, 3, 37.33019844, -122.02479669, 155, 533, 3.51, '2017-11-24'),
(266, 3, 37.33019742, -122.02475378, 156, 536, 3.49, '2017-11-24'),
(267, 3, 37.33019702, -122.02471061, 157, 539, 3.61, '2017-11-24'),
(268, 3, 37.33019778, -122.02466597, 158, 542, 3.6, '2017-11-24'),
(269, 3, 37.33019806, -122.02462051, 159, 546, 3.74, '2017-11-24'),
(270, 3, 37.33020111, -122.02457648, 160, 549, 3.65, '2017-11-24'),
(271, 3, 37.33020347, -122.02453353, 161, 552, 3.58, '2017-11-24'),
(272, 3, 37.33020344, -122.02449049, 162, 555, 3.63, '2017-11-24'),
(273, 3, 37.33020512, -122.02444793, 163, 558, 3.57, '2017-11-24'),
(274, 3, 37.33020427, -122.0244051, 164, 561, 3.62, '2017-11-24'),
(275, 3, 37.33020239, -122.02438272, 165, 562, 3.65, '2017-11-24'),
(276, 3, 37.33020049, -122.02434809, 166, 565, 3.76, '2017-11-24'),
(277, 3, 37.33019742, -122.02406581, 169, 589, 4.05, '2017-11-24'),
(278, 3, 37.33019883, -122.02430601, 167, 568, 3.99, '2017-11-24'),
(279, 3, 37.33019912, -122.02426045, 168, 572, 3.98, '2017-11-24'),
(280, 3, 37.33020867, -122.024012, 170, 593, 3.9, '2017-11-24'),
(281, 3, 37.33021772, -122.0238697, 173, 604, 3.8, '2017-11-24'),
(282, 3, 37.33021988, -122.02396374, 171, 597, 3.96, '2017-11-24'),
(283, 3, 37.33021794, -122.02391316, 172, 601, 3.88, '2017-11-24'),
(284, 3, 37.33021717, -122.02382845, 174, 607, 3.79, '2017-11-24'),
(285, 3, 37.33022012, -122.02378811, 175, 610, 3.68, '2017-11-24'),
(286, 3, 37.33021892, -122.0237485, 176, 613, 3.75, '2017-11-24'),
(287, 3, 37.33021864, -122.02370753, 177, 616, 3.64, '2017-11-24'),
(288, 3, 37.33022126, -122.02366789, 178, 619, 3.57, '2017-11-24'),
(289, 3, 37.33022401, -122.02362869, 179, 622, 3.5, '2017-11-24'),
(290, 3, 37.33022435, -122.02354413, 181, 628, 3.9, '2017-11-24'),
(291, 3, 37.33022668, -122.02358845, 180, 625, 3.56, '2017-11-24'),
(292, 3, 37.3302215, -122.02350016, 182, 631, 3.85, '2017-11-24'),
(293, 3, 37.33022057, -122.023459, 183, 634, 3.57, '2017-11-24'),
(294, 3, 37.33021822, -122.02341822, 184, 637, 3.59, '2017-11-24'),
(295, 3, 37.33021503, -122.02337651, 185, 640, 3.61, '2017-11-24'),
(296, 3, 37.33020882, -122.0233343, 186, 643, 3.7, '2017-11-24'),
(297, 3, 37.33020642, -122.0232907, 187, 646, 3.76, '2017-11-24'),
(298, 3, 37.33020287, -122.02324646, 188, 649, 3.84, '2017-11-24'),
(299, 3, 37.33019792, -122.02320222, 189, 652, 3.83, '2017-11-24'),
(300, 3, 37.33019791, -122.0231579, 190, 655, 3.83, '2017-11-24'),
(301, 3, 37.33019554, -122.02311267, 191, 659, 3.97, '2017-11-24'),
(302, 3, 37.33019502, -122.02306835, 192, 662, 3.78, '2017-11-24'),
(303, 3, 37.33019466, -122.02302795, 193, 665, 3.39, '2017-11-24'),
(304, 3, 37.33019332, -122.02298792, 194, 668, 3.37, '2017-11-24'),
(305, 3, 37.33019527, -122.02294631, 195, 671, 3.46, '2017-11-24'),
(306, 3, 37.33019171, -122.02290474, 196, 674, 3.41, '2017-11-24'),
(307, 3, 37.33019164, -122.02286302, 197, 677, 3.45, '2017-11-24'),
(308, 3, 37.33019055, -122.02282064, 198, 680, 3.55, '2017-11-24'),
(309, 3, 37.33018566, -122.02277842, 199, 683, 3.56, '2017-11-24'),
(310, 3, 37.33018111, -122.02273611, 200, 686, 3.62, '2017-11-24'),
(311, 3, 37.3301749, -122.02269435, 201, 689, 3.62, '2017-11-24'),
(312, 3, 37.33017177, -122.02265234, 202, 692, 3.54, '2017-11-24'),
(313, 3, 37.33016612, -122.02261109, 203, 695, 3.61, '2017-11-24'),
(314, 3, 37.33015856, -122.02257019, 204, 698, 3.57, '2017-11-24'),
(315, 3, 37.33015134, -122.02252873, 205, 701, 3.62, '2017-11-24'),
(316, 3, 37.33014389, -122.02248605, 206, 704, 3.71, '2017-11-24'),
(317, 3, 37.33012571, -122.02240034, 208, 711, 3.82, '2017-11-24'),
(318, 3, 37.33012254, -122.02235491, 209, 715, 3.79, '2017-11-24'),
(319, 3, 37.3301169, -122.02230795, 210, 719, 3.94, '2017-11-24'),
(320, 3, 37.33010907, -122.02221229, 212, 727, 3.99, '2017-11-24'),
(321, 3, 37.33011274, -122.02226048, 211, 723, 3.9, '2017-11-24'),
(322, 3, 37.33010689, -122.02216391, 213, 731, 4.08, '2017-11-24'),
(323, 3, 37.33013541, -122.02244406, 207, 707, 3.67, '2017-11-24'),
(324, 3, 37.33010651, -122.02211705, 214, 735, 3.95, '2017-11-24'),
(325, 3, 37.33010625, -122.02207189, 215, 739, 3.85, '2017-11-24'),
(326, 3, 37.33010478, -122.02202626, 216, 743, 3.78, '2017-11-24'),
(327, 3, 37.33010353, -122.02197838, 217, 747, 3.86, '2017-11-24'),
(328, 3, 37.3301022, -122.02193103, 218, 751, 3.71, '2017-11-24'),
(329, 3, 37.33010093, -122.02188644, 219, 754, 3.65, '2017-11-24'),
(330, 4, 41.7651307024451, -71.3870994654218, 3, 5, 0.259999990463257, '2017-11-24'),
(331, 4, 41.7651137290911, -71.3870849647293, 2, 3, 0.259999990463257, '2017-11-24'),
(332, 4, 41.765159620011, -71.3871153910378, 4, 8, 2.25, '2017-11-24'),
(333, 4, 41.7652869830297, -71.3871541154304, 7, 21, 3.79999995231628, '2017-11-24'),
(334, 4, 41.765355253631, -71.3871702086845, 8, 28, 4.96000003814697, '2017-11-24'),
(335, 4, 41.7652392480911, -71.3871425484041, 6, 16, 3.44000005722046, '2017-11-24'),
(336, 4, 41.7651989730464, -71.3871298079112, 5, 12, 3.44000005722046, '2017-11-24'),
(337, 4, 41.7655668211964, -71.3872139058027, 11, 49, 8.17000007629395, '2017-11-24'),
(338, 4, 41.7654888192581, -71.3871889841476, 10, 41, 8.17000007629395, '2017-11-24'),
(339, 4, 41.7654175730811, -71.3871778362164, 9, 34, 7.1399998664856, '2017-11-24'),
(340, 4, 41.7656416533114, -71.3872196189124, 12, 57, 8.65999984741211, '2017-11-24'),
(341, 4, 41.7658844743935, -71.3872381572561, 15, 83, 9.60999965667725, '2017-11-24'),
(342, 4, 41.7658060917813, -71.3872321730813, 14, 75, 9.02999973297119, '2017-11-24'),
(343, 4, 41.7659363396128, -71.3872421169422, 16, 88, 9.86999988555908, '2017-11-24'),
(344, 4, 41.765724643803, -71.387225954879, 13, 66, 8.86999988555908, '2017-11-24'),
(345, 4, 41.7660541044383, -71.3872520991589, 17, 101, 9.60999965667725, '2017-11-24'),
(346, 4, 41.7661382529546, -71.3872592339584, 18, 110, 9.36999988555908, '2017-11-24'),
(347, 4, 41.7661882173402, -71.3872634703477, 19, 115, 9.35000038146973, '2017-11-24'),
(348, 4, 41.7663190387321, -71.3872757099723, 20, 129, 10.2600002288818, '2017-11-24'),
(349, 4, 41.7666109680919, -71.3873030538202, 23, 160, 11, '2017-11-24'),
(350, 4, 41.7664139618517, -71.3872846010387, 21, 139, 10.3100004196167, '2017-11-24'),
(351, 4, 41.7665102401501, -71.3872936190394, 22, 149, 10.7600002288818, '2017-11-24'),
(352, 4, 41.7667116180358, -71.3873124812953, 24, 171, 11.0100002288818, '2017-11-24'),
(353, 4, 41.7668134435525, -71.3873220188815, 25, 182, 11.0500001907349, '2017-11-24'),
(354, 4, 41.7669158814591, -71.3873316138278, 26, 193, 11.4499998092651, '2017-11-24'),
(355, 4, 41.7671132076026, -71.3873500965733, 28, 214, 10.4700002670288, '2017-11-24'),
(356, 4, 41.7670183654544, -71.3873412130911, 27, 204, 11.4099998474121, '2017-11-24'),
(357, 4, 41.7672679698951, -71.3873645925342, 30, 230, 7.96000003814697, '2017-11-24'),
(358, 4, 41.7673176424271, -71.3873692451603, 31, 235, 5.15000009536743, '2017-11-24'),
(359, 4, 41.7673554582613, -71.3873727872173, 32, 239, 3.77999997138977, '2017-11-24'),
(360, 4, 41.7671931684179, -71.387357586181, 29, 222, 9.28999996185303, '2017-11-24'),
(361, 4, 41.7674027732779, -71.3873772190244, 34, 243, 2.47000002861023, '2017-11-24'),
(362, 4, 41.7673987694864, -71.3873768440054, 36, 244, 0.629999995231628, '2017-11-24'),
(363, 4, 41.7673927995005, -71.3873762848209, 35, 244, 0.25, '2017-11-24'),
(364, 4, 41.7673806020695, -71.3873751423366, 33, 241, 2.47000002861023, '2017-11-24'),
(365, 4, 41.7674244886136, -71.387472188607, 39, 253, 4.96000003814697, '2017-11-24'),
(366, 4, 41.7674219077586, -71.3873824619658, 38, 246, 3.42000007629395, '2017-11-24'),
(367, 4, 41.7674168240736, -71.3873785351059, 37, 246, 1.92999994754791, '2017-11-24'),
(368, 4, 41.7674273928183, -71.3875564628988, 40, 260, 6.30000019073486, '2017-11-24'),
(369, 4, 41.7674339315109, -71.3877462028588, 42, 275, 8.35999965667725, '2017-11-24'),
(370, 4, 41.7674304133436, -71.3876441125846, 41, 267, 7.44999980926514, '2017-11-24'),
(371, 4, 41.7674394344124, -71.3878510698366, 43, 283, 8.8100004196167, '2017-11-24'),
(372, 4, 41.7674460156537, -71.3879551901958, 44, 291, 8.67000007629395, '2017-11-24'),
(373, 4, 41.7675572032735, -71.3881633778455, 47, 312, 8.89999961853027, '2017-11-24'),
(374, 4, 41.7674520242973, -71.3880502516124, 45, 298, 8.43000030517578, '2017-11-24'),
(375, 4, 41.7675423571061, -71.3881377862259, 46, 310, 8.51000022888184, '2017-11-24'),
(376, 4, 41.7676091662348, -71.3883415687586, 48, 327, 9.55000019073486, '2017-11-24'),
(377, 4, 41.7676755293185, -71.3884455923825, 49, 338, 10.0100002288818, '2017-11-24'),
(378, 4, 41.7678496129307, -71.3887132140564, 52, 366, 9.80000019073486, '2017-11-24'),
(379, 4, 41.7677912384193, -71.388624014196, 51, 357, 10.0799999237061, '2017-11-24'),
(380, 4, 41.7677304289789, -71.3885310936136, 50, 347, 10.1099996566772, '2017-11-24'),
(381, 4, 41.7679062302905, -71.3887953473422, 53, 375, 9, '2017-11-24'),
(382, 4, 41.7679575027069, -71.388868010048, 54, 383, 8.07999992370605, '2017-11-24'),
(383, 4, 41.7680061147437, -71.3889358070666, 55, 390, 8.5, '2017-11-24'),
(384, 4, 41.7680595252877, -71.3890102963472, 56, 398, 8.73999977111816, '2017-11-24'),
(385, 4, 41.7682704675775, -71.3892652632001, 59, 428, 11.3299999237061, '2017-11-24'),
(386, 4, 41.7681881116933, -71.3891738497067, 58, 417, 10.789999961853, '2017-11-24'),
(387, 4, 41.7681179822998, -71.3890918237094, 57, 407, 10.0900001525879, '2017-11-24'),
(388, 4, 41.7683558496989, -71.3893476963263, 60, 439, 11.789999961853, '2017-11-24'),
(389, 4, 41.7684507571098, -71.3894380428342, 61, 451, 11.6700000762939, '2017-11-24'),
(390, 4, 41.7685360100048, -71.389515547583, 62, 462, 12.1000003814697, '2017-11-24'),
(391, 4, 41.7686438692304, -71.3896037063315, 63, 476, 12.460000038147, '2017-11-24'),
(392, 4, 41.7687416279444, -71.3896743489936, 64, 488, 12.6899995803833, '2017-11-24'),
(393, 4, 41.7688513818128, -71.3897446225259, 65, 501, 13.1099996566772, '2017-11-24'),
(394, 4, 41.7689547766901, -71.3898090361352, 66, 513, 13.3599996566772, '2017-11-24'),
(395, 4, 41.7690697285103, -71.3898736854275, 67, 526, 13.6999998092651, '2017-11-24'),
(396, 4, 41.7691814544818, -71.3899316632881, 68, 539, 13.8500003814697, '2017-11-24'),
(397, 4, 41.7692965132784, -71.3899872069705, 69, 552, 13.75, '2017-11-24'),
(398, 4, 41.7695368180126, -71.3900961517092, 71, 579, 13.4799995422363, '2017-11-24'),
(399, 4, 41.769420433891, -71.3900433877145, 70, 566, 13.6400003433228, '2017-11-24'),
(400, 4, 41.7696568453364, -71.3901505673889, 72, 593, 13.25, '2017-11-24'),
(401, 4, 41.769769229439, -71.3901919267541, 73, 605, 13.039999961853, '2017-11-24'),
(402, 4, 41.7698929970985, -71.3902328398636, 74, 619, 12.960000038147, '2017-11-24'),
(403, 4, 41.7700062745725, -71.3902702852974, 75, 631, 12.7399997711182, '2017-11-24'),
(404, 4, 41.7701114949602, -71.3903050673501, 76, 643, 12.3800001144409, '2017-11-24'),
(405, 4, 41.7702165626833, -71.3903333394439, 77, 654, 11.6700000762939, '2017-11-24'),
(406, 4, 41.7703113562722, -71.3903551724746, 78, 664, 9.97000026702881, '2017-11-24'),
(407, 4, 41.7703501128556, -71.390364098961, 79, 668, 8.36999988555908, '2017-11-24'),
(408, 4, 41.7704692058052, -71.3903764569615, 80, 681, 7.75, '2017-11-24'),
(409, 4, 41.7705304961218, -71.390382416891, 81, 687, 7.46000003814697, '2017-11-24'),
(410, 4, 41.7705883084711, -71.3903858878609, 82, 693, 7.46000003814697, '2017-11-24'),
(411, 4, 41.7706684115576, -71.3903852500318, 83, 701, 8.34000015258789, '2017-11-24'),
(412, 4, 41.7707446417532, -71.3903844323149, 84, 709, 8.93000030517578, '2017-11-24'),
(413, 4, 41.7708319164777, -71.390383496124, 85, 718, 9.72000026702881, '2017-11-24'),
(414, 4, 41.7709190897877, -71.390382561021, 86, 727, 9.72000026702881, '2017-11-24'),
(415, 4, 41.7709660202101, -71.3903820576012, 87, 732, 10.8299999237061, '2017-11-24'),
(416, 4, 41.7712291279196, -71.3903696640085, 89, 760, 11.7299995422363, '2017-11-24'),
(417, 4, 41.7711239226941, -71.3903729090498, 88, 749, 11.1899995803833, '2017-11-24'),
(418, 4, 41.771343191754, -71.3903686387493, 90, 772, 12.3699998855591, '2017-11-24'),
(419, 4, 41.7714656833943, -71.390375458986, 91, 785, 12.9899997711182, '2017-11-24'),
(420, 4, 41.7715815980801, -71.3903831293026, 92, 797, 12.9799995422363, '2017-11-24'),
(421, 4, 41.7716985552287, -71.3903921332963, 93, 810, 13.5299997329712, '2017-11-24'),
(422, 4, 41.7717375903356, -71.3903951384299, 94, 814, 14.1700000762939, '2017-11-24'),
(423, 4, 41.7719561769002, -71.3904313915723, 95, 838, 14.4200000762939, '2017-11-24'),
(424, 4, 41.7721008535325, -71.3904624971222, 96, 854, 14.6700000762939, '2017-11-24'),
(425, 4, 41.7722205385199, -71.3904933939101, 97, 867, 15.0299997329712, '2017-11-24'),
(426, 4, 41.7723519728708, -71.3905292430796, 98, 881, 15.460000038147, '2017-11-24'),
(427, 4, 41.7724908850935, -71.3905675079904, 99, 896, 15.6899995803833, '2017-11-24'),
(428, 4, 41.7725788875493, -71.3905917492419, 100, 905, 15.9099998474121, '2017-11-24'),
(429, 4, 41.7727698811102, -71.3906546699008, 101, 926, 16.0499992370605, '2017-11-24'),
(430, 4, 41.7729148070868, -71.3907047334186, 102, 942, 16.2600002288818, '2017-11-24'),
(431, 4, 41.7730610161094, -71.3907552401543, 103, 958, 16.3299999237061, '2017-11-24'),
(432, 4, 41.7732109267134, -71.3908070255715, 104, 975, 16.4300003051758, '2017-11-24'),
(433, 4, 41.7732815798638, -71.3908314321364, 105, 983, 16.5599994659424, '2017-11-24'),
(434, 4, 41.7734949177274, -71.3909022766239, 106, 1007, 16.3199996948242, '2017-11-24'),
(435, 4, 41.7736269273641, -71.3909460825909, 107, 1022, 16.0499992370605, '2017-11-24'),
(436, 4, 41.7737643604173, -71.3909916882598, 108, 1037, 15.75, '2017-11-24'),
(437, 4, 41.7738953474573, -71.3910351548891, 109, 1051, 15.9300003051758, '2017-11-24'),
(438, 4, 41.7747511994483, -71.3912867289701, 111, 1148, 16.2600002288818, '2017-11-24'),
(439, 4, 41.7756784893961, -71.3916347455898, 112, 1254, 14.0200004577637, '2017-11-24'),
(440, 4, 41.775755980091, -71.391659053109, 112, 1262, 14.0500001907349, '2017-11-24'),
(441, 4, 41.7759397622358, -71.3917168221247, 113, 1282, 15.3800001144409, '2017-11-24'),
(442, 4, 41.7760129924011, -71.3917414024428, 114, 1290, 13.789999961853, '2017-11-24'),
(443, 4, 41.7761682181194, -71.3917915183171, 115, 1307, 13.7700004577637, '2017-11-24'),
(444, 4, 41.7763041071776, -71.3918353676803, 116, 1322, 13.8800001144409, '2017-11-24'),
(445, 4, 41.7764263072967, -71.3918747998281, 117, 1335, 14.1800003051758, '2017-11-24'),
(446, 4, 41.7765531466136, -71.3919157289754, 118, 1349, 14.3999996185303, '2017-11-24'),
(447, 4, 41.776681085936, -71.391957013078, 119, 1363, 14.6099996566772, '2017-11-24'),
(448, 4, 41.7768109943658, -71.391998932582, 120, 1377, 14.9200000762939, '2017-11-24'),
(449, 4, 41.7769495597858, -71.3920436455672, 121, 1392, 15.210000038147, '2017-11-24'),
(450, 4, 41.7770874838683, -71.3920879140882, 122, 1407, 15.3699998855591, '2017-11-24'),
(451, 4, 41.7772204226885, -71.3921305812955, 123, 1422, 15.3299999237061, '2017-11-24'),
(452, 4, 41.7773502220652, -71.3921722408868, 124, 1436, 15.2700004577637, '2017-11-24'),
(453, 4, 41.7776205636704, -71.3922590080276, 126, 1466, 15.4300003051758, '2017-11-24'),
(454, 4, 41.7774794387694, -71.3922137134672, 125, 1450, 15.3400001525879, '2017-11-24'),
(455, 4, 41.777892984879, -71.3923468620441, 128, 1496, 16, '2017-11-24'),
(456, 4, 41.7777453764885, -71.3922990671644, 127, 1480, 15.6499996185303, '2017-11-24'),
(457, 4, 41.7780439144344, -71.3923957415276, 129, 1513, 16.3999996185303, '2017-11-24'),
(458, 4, 41.7783352387453, -71.3924900887337, 131, 1545, 16.6200008392334, '2017-11-24'),
(459, 4, 41.7781889661035, -71.3924427174208, 130, 1529, 16.6599998474121, '2017-11-24'),
(460, 4, 41.7784788681775, -71.3925366040265, 132, 1561, 16.3299999237061, '2017-11-24'),
(461, 4, 41.7785433765311, -71.3925574954617, 133, 1568, 15.6499996185303, '2017-11-24'),
(462, 4, 41.7787427200489, -71.3926225847357, 134, 1590, 14.6199998855591, '2017-11-24'),
(463, 4, 41.7788666516614, -71.392663051131, 135, 1604, 13.5100002288818, '2017-11-24'),
(464, 4, 41.7789761602026, -71.3926988080765, 136, 1616, 12.3599996566772, '2017-11-24'),
(465, 4, 41.7790665829702, -71.3927283330975, 137, 1626, 11.2399997711182, '2017-11-24'),
(466, 4, 41.7791563365613, -71.3927575327627, 138, 1636, 9.63000011444092, '2017-11-24'),
(467, 4, 41.779231721243, -71.3927820394784, 139, 1644, 8.14000034332275, '2017-11-24'),
(468, 4, 41.7792974616334, -71.392803410943, 140, 1651, 6.48999977111816, '2017-11-24'),
(469, 4, 41.7793453266406, -71.3928189713208, 141, 1656, 4.44999980926514, '2017-11-24'),
(470, 4, 41.7793716274256, -71.3928275214114, 142, 1659, 2.63000011444092, '2017-11-24'),
(471, 4, 41.7793889983726, -71.3928331685117, 145, 1660, 0.360000014305115, '2017-11-24'),
(472, 4, 41.7793900248752, -71.3928335022162, 144, 1660, 0.490000009536743, '2017-11-24'),
(473, 4, 41.7793875476744, -71.392832696906, 143, 1660, 0.930000007152557, '2017-11-24'),
(474, 4, 41.7794094076401, -71.3928398033361, 148, 1662, 2.5699999332428, '2017-11-24'),
(475, 4, 41.7793895723583, -71.3928333551081, 146, 1660, 0, '2017-11-24'),
(476, 4, 41.7793917937474, -71.3928340772568, 147, 1660, 0.479999989271164, '2017-11-24'),
(477, 4, 41.779444961375, -71.3928513614571, 149, 1666, 4.76999998092651, '2017-11-24'),
(478, 4, 41.7794771956496, -71.3928618404587, 150, 1669, 6.57999992370605, '2017-11-24'),
(479, 4, 41.7795704834736, -71.3928521082846, 151, 1679, 8.52000045776367, '2017-11-24'),
(480, 4, 41.7796553327962, -71.392889546693, 152, 1688, 10.0799999237061, '2017-11-24'),
(481, 4, 41.7797566769525, -71.3929226207289, 153, 1699, 11.7299995422363, '2017-11-24'),
(482, 4, 41.779864810973, -71.3929619045596, 154, 1711, 12.8900003433228, '2017-11-24'),
(483, 4, 41.7799813141093, -71.3930051235362, 155, 1724, 13.7399997711182, '2017-11-24'),
(484, 4, 41.7801060239598, -71.3930319068793, 156, 1738, 14.289999961853, '2017-11-24'),
(485, 4, 41.7802268069263, -71.3930705396757, 157, 1751, 14.6499996185303, '2017-11-24'),
(486, 4, 41.7803551785889, -71.3931168689607, 158, 1765, 14.9200000762939, '2017-11-24'),
(487, 4, 41.7804861456865, -71.3931700416491, 159, 1780, 14.9499998092651, '2017-11-24'),
(488, 4, 41.7806224770326, -71.3932048158544, 160, 1795, 14.8900003433228, '2017-11-24'),
(489, 4, 41.7807487145433, -71.3932553426645, 161, 1809, 15.1000003814697, '2017-11-24'),
(490, 4, 41.7808846199971, -71.3932912138696, 162, 1824, 14.8900003433228, '2017-11-24'),
(491, 4, 41.7810105955801, -71.3933351394248, 163, 1838, 14.9899997711182, '2017-11-24'),
(492, 4, 41.7811375848048, -71.393378658781, 164, 1852, 14.8599996566772, '2017-11-24'),
(493, 4, 41.7812655040244, -71.3934167728062, 165, 1866, 14.4499998092651, '2017-11-24'),
(494, 4, 41.7815336893013, -71.3934957594188, 167, 1896, 14.789999961853, '2017-11-24'),
(495, 4, 41.7814011976165, -71.3934548753077, 166, 1881, 14.8000001907349, '2017-11-24'),
(496, 4, 41.7816638197006, -71.3935407142142, 168, 1910, 14.75, '2017-11-24'),
(497, 4, 41.7817992521701, -71.3935802006446, 169, 1925, 14.75, '2017-11-24'),
(498, 4, 41.7819235760498, -71.3936266988485, 170, 1939, 14.6899995803833, '2017-11-24'),
(499, 4, 41.7820571923246, -71.3936687975475, 171, 1954, 14.6700000762939, '2017-11-24'),
(500, 4, 41.7821848846761, -71.3937125377086, 172, 1968, 14.7700004577637, '2017-11-24'),
(501, 4, 41.7823172855187, -71.3937546971488, 173, 1983, 14.8500003814697, '2017-11-24'),
(502, 4, 41.78243121243, -71.3937950185104, 174, 1996, 14.7600002288818, '2017-11-24'),
(503, 4, 41.7825688442811, -71.3938396236048, 175, 2011, 15, '2017-11-24'),
(504, 4, 41.7826976583832, -71.3938777809152, 176, 2025, 15.3000001907349, '2017-11-24'),
(505, 4, 41.7828304616425, -71.3939213643648, 177, 2040, 15.4399995803833, '2017-11-24'),
(506, 4, 41.782969528987, -71.3939709583471, 178, 2055, 15.4899997711182, '2017-11-24'),
(507, 4, 41.7831082140261, -71.3940154493078, 179, 2070, 15.3500003814697, '2017-11-24'),
(508, 4, 41.7832393579274, -71.3940604843659, 180, 2085, 14.9499998092651, '2017-11-24'),
(509, 4, 41.7833154845133, -71.3940832139606, 181, 2093, 14.6700000762939, '2017-11-24'),
(510, 4, 41.7835002054733, -71.394143862794, 182, 2114, 14.6899995803833, '2017-11-24'),
(511, 4, 41.783631611778, -71.3941851989605, 183, 2128, 14.9899997711182, '2017-11-24'),
(512, 4, 41.7837660300681, -71.3942277700443, 184, 2143, 15.3299999237061, '2017-11-24'),
(513, 4, 41.7838962496087, -71.3942738279774, 185, 2157, 15.5799999237061, '2017-11-24'),
(514, 4, 41.7839736038116, -71.3943022445034, 186, 2165, 15.9099998474121, '2017-11-24'),
(515, 4, 41.7841714331091, -71.3943647759764, 187, 2187, 16.0100002288818, '2017-11-24'),
(516, 4, 41.7843121618383, -71.3944137307567, 188, 2203, 15.9799995422363, '2017-11-24'),
(517, 4, 41.7844460185731, -71.3944556523025, 189, 2218, 15.7200002670288, '2017-11-24'),
(518, 4, 41.7845314133628, -71.3944886823423, 190, 2227, 15.2600002288818, '2017-11-24'),
(519, 4, 41.7847112395616, -71.3945517752029, 191, 2247, 14.9799995422363, '2017-11-24'),
(520, 4, 41.7848472737141, -71.3945883943743, 192, 2262, 15.1099996566772, '2017-11-24'),
(521, 4, 41.7849759546596, -71.3946307287098, 193, 2276, 15.25, '2017-11-24'),
(522, 4, 41.7850751025657, -71.3946694063338, 194, 2287, 15.5299997329712, '2017-11-24'),
(523, 4, 41.7852478863328, -71.3947192114549, 195, 2306, 15.75, '2017-11-24'),
(524, 4, 41.7853865131275, -71.3947621615132, 196, 2321, 15.6099996566772, '2017-11-24'),
(525, 4, 41.7855132859588, -71.3948012807816, 197, 2335, 15.2799997329712, '2017-11-24'),
(526, 4, 41.7856299311095, -71.3948408991811, 198, 2348, 14.7600002288818, '2017-11-24'),
(527, 4, 41.7857707995492, -71.3948863089826, 199, 2364, 14.4099998474121, '2017-11-24'),
(528, 4, 41.7858971293428, -71.3949283470541, 200, 2378, 14.4899997711182, '2017-11-24'),
(529, 4, 41.7860285159448, -71.3949565941551, 201, 2392, 14.5799999237061, '2017-11-24'),
(530, 4, 41.7861531091556, -71.394997360744, 202, 2406, 14.6800003051758, '2017-11-24'),
(531, 4, 41.7862849588819, -71.3950417128793, 203, 2421, 15.0600004196167, '2017-11-24'),
(532, 4, 41.7864158001592, -71.3950873106798, 204, 2436, 15.2399997711182, '2017-11-24'),
(533, 4, 41.7865560740125, -71.3951385114045, 205, 2452, 15.3599996566772, '2017-11-24'),
(534, 4, 41.7866945442098, -71.3951849805146, 206, 2467, 15.6000003814697, '2017-11-24'),
(535, 4, 41.7868268813959, -71.3952279017482, 207, 2482, 15.3299999237061, '2017-11-24'),
(536, 4, 41.7869575183687, -71.3952714052253, 208, 2496, 14.9899997711182, '2017-11-24'),
(537, 4, 41.787022710259, -71.395296166684, 209, 2503, 14.8299999237061, '2017-11-24'),
(538, 4, 41.7872136597935, -71.395349172087, 210, 2524, 14.8000001907349, '2017-11-24'),
(539, 4, 41.787340663477, -71.39538961381, 211, 2538, 15.1599998474121, '2017-11-24'),
(540, 4, 41.7874716715993, -71.3954407102476, 212, 2553, 15.1700000762939, '2017-11-24'),
(541, 4, 41.7875742832666, -71.3954700990008, 213, 2564, 15.1300001144409, '2017-11-24'),
(542, 4, 41.7877421265386, -71.3955159144032, 214, 2583, 15.2600002288818, '2017-11-24'),
(543, 4, 41.7878780734925, -71.3955677139643, 215, 2598, 15.1400003433228, '2017-11-24'),
(544, 4, 41.7880103987699, -71.3956068812423, 216, 2613, 14.9300003051758, '2017-11-24'),
(545, 4, 41.7881451776095, -71.3956466688659, 217, 2628, 14.7799997329712, '2017-11-24'),
(546, 4, 41.7882766557361, -71.395694892785, 218, 2643, 14.5500001907349, '2017-11-24'),
(547, 4, 41.7884093378874, -71.3957407554752, 219, 2658, 14.3900003433228, '2017-11-24'),
(548, 4, 41.7885385730064, -71.3957755144439, 220, 2672, 14.5100002288818, '2017-11-24'),
(549, 4, 41.7886631835967, -71.3958175310826, 221, 2686, 14.6599998474121, '2017-11-24'),
(550, 4, 41.7887842072245, -71.3958573766499, 222, 2699, 14.960000038147, '2017-11-24'),
(551, 4, 41.7889162088213, -71.3959034478818, 223, 2714, 15.0500001907349, '2017-11-24'),
(552, 4, 41.7890438619242, -71.3959463437026, 224, 2728, 15.0500001907349, '2017-11-24'),
(553, 4, 41.7891763110778, -71.3959903134986, 225, 2743, 15.0100002288818, '2017-11-24'),
(554, 4, 41.7893046170948, -71.3960356824719, 226, 2757, 15.039999961853, '2017-11-24'),
(555, 4, 41.7894357626871, -71.3960839760986, 227, 2772, 14.9300003051758, '2017-11-24'),
(556, 4, 41.7895664395759, -71.396127213748, 228, 2786, 14.5200004577637, '2017-11-24'),
(557, 4, 41.7896949382288, -71.3961724498104, 229, 2800, 14.5, '2017-11-24'),
(558, 4, 41.7898241429383, -71.3962169289507, 230, 2814, 14.460000038147, '2017-11-24'),
(559, 4, 41.7898926824535, -71.3962409676437, 231, 2821, 14.5100002288818, '2017-11-24'),
(560, 4, 41.79007979831, -71.3963039215201, 232, 2842, 14.5200004577637, '2017-11-24'),
(561, 4, 41.7902013729461, -71.3963439568708, 233, 2855, 13.8299999237061, '2017-11-24'),
(562, 4, 41.7903261198354, -71.3963743360449, 234, 2869, 14.3800001144409, '2017-11-24'),
(563, 4, 41.7904507533985, -71.3963987810088, 235, 2882, 14.3400001525879, '2017-11-24'),
(564, 4, 41.7905800637412, -71.3964455630678, 236, 2896, 14.6700000762939, '2017-11-24'),
(565, 4, 41.7907021996997, -71.3964861503243, 237, 2909, 14.539999961853, '2017-11-24'),
(566, 4, 41.7908397508507, -71.3965273250292, 238, 2924, 14.7799997329712, '2017-11-24'),
(567, 4, 41.7909730258702, -71.3965808642422, 239, 2939, 14.9099998474121, '2017-11-24'),
(568, 4, 41.7910339279868, -71.3966003447996, 240, 2945, 14.75, '2017-11-24'),
(569, 4, 41.79122659347, -71.3966615635565, 241, 2966, 14.8999996185303, '2017-11-24'),
(570, 4, 41.7913563253197, -71.3967144402549, 242, 2981, 15.0699996948242, '2017-11-24'),
(571, 4, 41.7914871231613, -71.3967597321138, 243, 2996, 15.2600002288818, '2017-11-24'),
(572, 4, 41.7916001968947, -71.3967942424151, 244, 3008, 15.4300003051758, '2017-11-24'),
(573, 4, 41.7917556575998, -71.3968466564748, 245, 3025, 15.1499996185303, '2017-11-24'),
(574, 4, 41.7918935129073, -71.3968953053411, 246, 3040, 15.3299999237061, '2017-11-24'),
(575, 4, 41.7920240671793, -71.3969425390547, 247, 3055, 15.3199996948242, '2017-11-24'),
(576, 4, 41.7921636705035, -71.396983625409, 248, 3070, 15.1700000762939, '2017-11-24'),
(577, 4, 41.792293972485, -71.3970261109161, 249, 3084, 15.0100002288818, '2017-11-24'),
(578, 4, 41.7924288050646, -71.3970753791618, 250, 3099, 14.8000001907349, '2017-11-24'),
(579, 4, 41.7925488577039, -71.3971162308377, 251, 3112, 14.6199998855591, '2017-11-24'),
(580, 4, 41.7926783102958, -71.3971630707503, 252, 3126, 14.3500003814697, '2017-11-24'),
(581, 4, 41.7929248589837, -71.3972473013841, 254, 3154, 13.9399995803833, '2017-11-24'),
(582, 4, 41.7928017777755, -71.3972046966346, 253, 3140, 13.9200000762939, '2017-11-24'),
(583, 4, 41.7930511819019, -71.3972930971814, 255, 3168, 14.0600004196167, '2017-11-24'),
(584, 4, 41.7931766889875, -71.3973361771933, 256, 3182, 14.4200000762939, '2017-11-24'),
(585, 4, 41.7932439750284, -71.3973635155876, 257, 3189, 14.5, '2017-11-24'),
(586, 4, 41.7934247353347, -71.3974251283109, 258, 3209, 14.5500001907349, '2017-11-24'),
(587, 4, 41.7935527293859, -71.3974647023323, 259, 3223, 14.460000038147, '2017-11-24'),
(588, 4, 41.7936776726963, -71.3975079889735, 260, 3237, 14.1800003051758, '2017-11-24'),
(589, 4, 41.7937955855781, -71.3975409881224, 261, 3250, 13.8199996948242, '2017-11-24'),
(590, 4, 41.7939158647282, -71.39757875591, 262, 3263, 13.5299997329712, '2017-11-24'),
(591, 4, 41.7940332243936, -71.3976139487014, 263, 3276, 13.4099998474121, '2017-11-24'),
(592, 4, 41.7941553298805, -71.3976431817431, 264, 3289, 13.460000038147, '2017-11-24'),
(593, 4, 41.7942696228601, -71.3976702371659, 265, 3301, 13.1800003051758, '2017-11-24'),
(594, 4, 41.7943789445623, -71.397697912237, 266, 3313, 13.1300001144409, '2017-11-24'),
(595, 4, 41.7944987817669, -71.3977354934325, 267, 3326, 13.6300001144409, '2017-11-24'),
(596, 4, 41.7946227904717, -71.3977721466095, 268, 3340, 14.210000038147, '2017-11-24'),
(597, 4, 41.7947560550002, -71.3978091068254, 269, 3355, 14.7600002288818, '2017-11-24'),
(598, 4, 41.794849377864, -71.3978348724872, 270, 3365, 15.039999961853, '2017-11-24'),
(599, 4, 41.7950332801983, -71.3978972937444, 271, 3386, 15.2799997329712, '2017-11-24'),
(600, 4, 41.7951601072195, -71.3979338336897, 272, 3400, 15.5500001907349, '2017-11-24'),
(601, 4, 41.7953028163368, -71.3979849706469, 273, 3416, 15.6400003433228, '2017-11-24'),
(602, 4, 41.7954381015777, -71.3980303445698, 274, 3431, 15.4799995422363, '2017-11-24'),
(603, 4, 41.7955785324982, -71.3980801759143, 275, 3447, 15.3999996185303, '2017-11-24'),
(604, 4, 41.7956328927218, -71.3981027622689, 276, 3453, 15.2700004577637, '2017-11-24'),
(605, 4, 41.7958381141214, -71.3981710334677, 277, 3476, 15.1499996185303, '2017-11-24'),
(606, 4, 41.7959657638396, -71.3982077285141, 278, 3490, 15.0100002288818, '2017-11-24'),
(607, 4, 41.7960966383317, -71.3982601202355, 279, 3505, 14.9300003051758, '2017-11-24'),
(608, 4, 41.7962287041843, -71.3983145053073, 280, 3520, 15.1499996185303, '2017-11-24'),
(609, 4, 41.7963605370903, -71.3983743533875, 281, 3535, 15.5200004577637, '2017-11-24'),
(610, 4, 41.796499338189, -71.3984328015519, 282, 3551, 15.6700000762939, '2017-11-24'),
(611, 4, 41.7966317237472, -71.3984924658154, 283, 3566, 15.5, '2017-11-24'),
(612, 4, 41.7967603338679, -71.3985451781468, 284, 3580, 15.2799997329712, '2017-11-24'),
(613, 4, 41.7968878994511, -71.3986017930003, 285, 3594, 15.2799997329712, '2017-11-24'),
(614, 5, 42.2135778660019, -71.145553821306, 1, 22, 19.2199993133545, '2017-11-26'),
(615, 5, 42.2138714883472, -71.1454378752781, 3, 55, 19.4599990844727, '2017-11-26'),
(616, 5, 42.213726471872, -71.1454823894574, 2, 39, 19.1700000762939, '2017-11-26'),
(617, 5, 42.2137759723675, -71.1454719194975, 4, 65, 19.5200004577637, '2017-11-26'),
(618, 5, 42.2144280890637, -71.1451559854156, 6, 141, 20.5599994659424, '2017-11-26'),
(619, 5, 42.2145745506162, -71.1449632992699, 7, 163, 21.0900001525879, '2017-11-26'),
(620, 5, 42.214221147911, -71.1452562431815, 5, 117, 20.0599994659424, '2017-11-26'),
(621, 5, 42.2147425259042, -71.1448786411001, 8, 182, 21.2700004577637, '2017-11-26'),
(622, 5, 42.2151267480149, -71.1447434358983, 10, 225, 22.0699996948242, '2017-11-26'),
(623, 5, 42.2152910797672, -71.1446607953363, 11, 244, 22.2999992370605, '2017-11-26'),
(624, 5, 42.2149336334077, -71.1448112505486, 9, 203, 21.7099990844727, '2017-11-26'),
(625, 5, 42.2154869229889, -71.1445782335649, 12, 266, 22.1499996185303, '2017-11-26'),
(626, 5, 42.2162904961678, -71.1442167220234, 16, 359, 24.1700000762939, '2017-11-26'),
(627, 5, 42.2156783657502, -71.1445066520683, 13, 288, 22.5799999237061, '2017-11-26'),
(628, 5, 42.2160861872476, -71.1443088391523, 15, 336, 23.5599994659424, '2017-11-26'),
(629, 5, 42.2158738317345, -71.1444125232939, 14, 311, 22.9799995422363, '2017-11-26'),
(630, 5, 42.2164905722208, -71.1441253592671, 17, 382, 24.0699996948242, '2017-11-26'),
(631, 5, 42.2166975214466, -71.1440334935895, 18, 406, 24.4799995422363, '2017-11-26'),
(632, 5, 42.2168902632561, -71.1439278816336, 19, 429, 24.5400009155273, '2017-11-26'),
(633, 5, 42.2170977153387, -71.1438224373049, 20, 453, 24.6800003051758, '2017-11-26'),
(634, 5, 42.2173146389854, -71.1437157356797, 21, 478, 25.0200004577637, '2017-11-26'),
(635, 5, 42.2177654178139, -71.1435147376045, 23, 530, 25.7700004577637, '2017-11-26'),
(636, 5, 42.2175399027314, -71.1436290667534, 22, 504, 25.1200008392334, '2017-11-26'),
(637, 5, 42.2179842693479, -71.1434183456978, 24, 555, 26.0900001525879, '2017-11-26'),
(638, 5, 42.2182034560815, -71.1433042680128, 25, 581, 26.2199993133545, '2017-11-26'),
(639, 5, 42.218417446042, -71.1431942974569, 26, 606, 26.3199996948242, '2017-11-26'),
(640, 5, 42.2186450566618, -71.1430930440465, 27, 632, 26.6100006103516, '2017-11-26'),
(641, 5, 42.2188777382965, -71.1429808941811, 28, 659, 26.8299999237061, '2017-11-26'),
(642, 5, 42.21933048685, -71.1427738611465, 30, 711, 26.8700008392334, '2017-11-26'),
(643, 5, 42.2191155748476, -71.1428767909203, 29, 686, 26.8400001525879, '2017-11-26'),
(644, 5, 42.2195663117083, -71.1426624656474, 31, 738, 27.1499996185303, '2017-11-26'),
(645, 5, 42.2198113147855, -71.1425455380753, 32, 766, 27.8799991607666, '2017-11-26'),
(646, 5, 42.2202977584638, -71.1423157901444, 34, 822, 27.5, '2017-11-26'),
(647, 5, 42.22005350986, -71.142429700182, 33, 794, 27.8899993896484, '2017-11-26'),
(648, 5, 42.2205397424038, -71.1421950488676, 35, 850, 27.8400001525879, '2017-11-26'),
(649, 5, 42.2207635452734, -71.1420866294731, 36, 876, 27.8500003814697, '2017-11-26'),
(650, 5, 42.2210089678696, -71.1419677365862, 37, 904, 28.2000007629395, '2017-11-26'),
(651, 5, 42.2212550279099, -71.1418485348949, 38, 933, 28.5699996948242, '2017-11-26'),
(652, 5, 42.2215158290788, -71.1417221919894, 39, 963, 29.2399997711182, '2017-11-26'),
(653, 5, 42.2217740706146, -71.1415970890763, 40, 993, 29.5, '2017-11-26'),
(654, 5, 42.2220117033476, -71.1414819699223, 41, 1021, 29.3600006103516, '2017-11-26'),
(655, 5, 42.2222711686941, -71.1413562741445, 42, 1051, 29.4899997711182, '2017-11-26'),
(656, 5, 42.2225433961597, -71.1412243958669, 43, 1083, 30.2299995422363, '2017-11-26'),
(657, 5, 42.2228122107129, -71.1410941709455, 44, 1114, 30.3999996185303, '2017-11-26'),
(658, 5, 42.223356858884, -71.1408303207768, 46, 1177, 30.8899993896484, '2017-11-26'),
(659, 5, 42.2230913524929, -71.1409589430872, 45, 1146, 31.0300006866455, '2017-11-26'),
(660, 5, 42.2236336731544, -71.1406962204606, 47, 1209, 31.0400009155273, '2017-11-26'),
(661, 5, 42.2238914070608, -71.1405713634643, 48, 1239, 31, '2017-11-26'),
(662, 5, 42.224147945108, -71.1404470857917, 49, 1269, 31.5400009155273, '2017-11-26'),
(663, 5, 42.2246781988863, -71.140190208864, 51, 1331, 31.6599998474121, '2017-11-26');
INSERT INTO `points` (`id`, `workoutid`, `latitude`, `longitude`, `time`, `distance`, `speed`, `date`) VALUES
(664, 5, 42.2244117122107, -71.1403193060649, 50, 1300, 31.4699993133545, '2017-11-26'),
(665, 5, 42.2254900168699, -71.1397969305546, 54, 1425, 32.2099990844727, '2017-11-26'),
(666, 5, 42.2252104918396, -71.1399323440753, 53, 1392, 31.9500007629395, '2017-11-26'),
(667, 5, 42.2249405068686, -71.1400631359955, 52, 1361, 31.4300003051758, '2017-11-26'),
(668, 5, 42.2257617021165, -71.1396653149503, 55, 1457, 32.7299995422363, '2017-11-26'),
(669, 5, 42.2260431435938, -71.139528973023, 56, 1490, 32.8400001525879, '2017-11-26'),
(670, 5, 42.2265959495049, -71.1392625633858, 58, 1554, 32.7799987792969, '2017-11-26'),
(671, 5, 42.2263190993324, -71.1393958343666, 57, 1522, 32.7700004577637, '2017-11-26'),
(672, 5, 42.2268903706507, -71.1391208340362, 59, 1588, 33.2299995422363, '2017-11-26'),
(673, 5, 42.2271761226339, -71.1389832778746, 60, 1621, 33.189998626709, '2017-11-26'),
(674, 5, 42.2280165693185, -71.1385835800982, 63, 1719, 33.439998626709, '2017-11-26'),
(675, 5, 42.2277322132534, -71.1387180258251, 62, 1686, 33.25, '2017-11-26'),
(676, 5, 42.2274424236632, -71.1388550850726, 61, 1652, 33.0099983215332, '2017-11-26'),
(677, 5, 42.228298201265, -71.1384341307647, 64, 1752, 33.3199996948242, '2017-11-26'),
(678, 5, 42.2285776539168, -71.1382879503734, 65, 1785, 33.4199981689453, '2017-11-26'),
(679, 5, 42.2288755401472, -71.1381652123416, 66, 1819, 33.8699989318848, '2017-11-26'),
(680, 5, 42.2291647372461, -71.1380260020025, 67, 1853, 34.1300010681152, '2017-11-26'),
(681, 5, 42.229761532986, -71.1377387234039, 69, 1922, 34.4099998474121, '2017-11-26'),
(682, 5, 42.2294692902456, -71.1378793998184, 68, 1888, 34.4199981689453, '2017-11-26'),
(683, 5, 42.2300403384683, -71.1376045152604, 70, 1954, 34.3300018310547, '2017-11-26'),
(684, 5, 42.2303341081287, -71.1374631038348, 71, 1988, 34.3600006103516, '2017-11-26'),
(685, 5, 42.2306465075578, -71.1373127246277, 72, 2024, 35.0999984741211, '2017-11-26'),
(686, 5, 42.2309492022927, -71.1371670169534, 73, 2059, 35.0299987792969, '2017-11-26'),
(687, 5, 42.2312555349071, -71.137019558119, 74, 2095, 35.2900009155273, '2017-11-26'),
(688, 5, 42.2315491684865, -71.1368782121985, 75, 2129, 35.0299987792969, '2017-11-26'),
(689, 5, 42.2318671247725, -71.1367251580961, 76, 2166, 35.5499992370605, '2017-11-26'),
(690, 5, 42.232171213465, -71.1365787794148, 77, 2201, 35.5, '2017-11-26'),
(691, 5, 42.2324906041494, -71.1364250479025, 78, 2238, 35.7700004577637, '2017-11-26'),
(692, 5, 42.2327803418656, -71.1362856140816, 79, 2272, 35.2299995422363, '2017-11-26'),
(693, 5, 42.2333389722303, -71.1360167779518, 81, 2337, 34.8400001525879, '2017-11-26'),
(694, 5, 42.233050698667, -71.1361555071616, 80, 2303, 34.8800010681152, '2017-11-26'),
(695, 5, 42.2336345115919, -71.1358745521382, 82, 2371, 34.9799995422363, '2017-11-26'),
(696, 5, 42.2339433298503, -71.135725935968, 83, 2407, 35.3600006103516, '2017-11-26'),
(697, 5, 42.2342348347642, -71.1355856516981, 84, 2441, 35.1399993896484, '2017-11-26'),
(698, 5, 42.2345156602016, -71.1354505068358, 85, 2474, 34.75, '2017-11-26'),
(699, 5, 42.2348173617491, -71.1353053155223, 86, 2509, 34.7900009155273, '2017-11-26'),
(700, 5, 42.235438773272, -71.1350062664922, 88, 2581, 35.2099990844727, '2017-11-26'),
(701, 5, 42.2351185576111, -71.1351603675658, 87, 2544, 34.9599990844727, '2017-11-26'),
(702, 5, 42.2357167734107, -71.134872481281, 89, 2613, 34.5499992370605, '2017-11-26'),
(703, 5, 42.2360207835584, -71.1347261789732, 90, 2648, 34.75, '2017-11-26'),
(704, 5, 42.2366065263231, -71.1344442952307, 92, 2716, 34.6300010681152, '2017-11-26'),
(705, 5, 42.2368925022935, -71.1343065908646, 93, 2749, 34.310001373291, '2017-11-26'),
(706, 5, 42.2363227136361, -71.1345808776816, 91, 2683, 34.9099998474121, '2017-11-26'),
(707, 5, 42.237184487147, -71.1341659775154, 94, 2783, 34.4700012207031, '2017-11-26'),
(708, 5, 42.2374799502014, -71.1340229786446, 95, 2817, 34.2299995422363, '2017-11-26'),
(709, 5, 42.2377647890425, -71.133884047923, 96, 2850, 33.8499984741211, '2017-11-26'),
(710, 5, 42.2380679843476, -71.1337361637989, 97, 2885, 34.7200012207031, '2017-11-26'),
(711, 5, 42.2383750208092, -71.1335864061431, 98, 2921, 34.9000015258789, '2017-11-26'),
(712, 5, 42.2386586636216, -71.1334480587869, 99, 2954, 34.9599990844727, '2017-11-26'),
(713, 5, 42.238794826909, -71.1333816448677, 100, 2970, 34.9099998474121, '2017-11-26'),
(714, 5, 42.2392424810344, -71.133163439585, 101, 3022, 34.7099990844727, '2017-11-26'),
(715, 5, 42.2401243939479, -71.1327335584656, 104, 3125, 34.7999992370605, '2017-11-26'),
(716, 5, 42.2395241709716, -71.1330261321665, 102, 3055, 34.310001373291, '2017-11-26'),
(717, 5, 42.2398123220131, -71.1328856753363, 103, 3089, 34.2599983215332, '2017-11-26'),
(718, 5, 42.2403930613608, -71.1326025987682, 105, 3156, 34.6100006103516, '2017-11-26'),
(719, 5, 42.2407014827695, -71.132452261316, 106, 3192, 34.5699996948242, '2017-11-26'),
(720, 5, 42.2415887253834, -71.1320197822784, 109, 3296, 33.9799995422363, '2017-11-26'),
(721, 5, 42.2409845689216, -71.1323142733242, 107, 3225, 35.0900001525879, '2017-11-26'),
(722, 5, 42.2413093385007, -71.1321559670922, 108, 3263, 34.5999984741211, '2017-11-26'),
(723, 5, 42.2418817697015, -71.1318769402613, 110, 3330, 34.1100006103516, '2017-11-26'),
(724, 5, 42.2424890147916, -71.1315691006101, 112, 3401, 34.8600006103516, '2017-11-26'),
(725, 5, 42.2427503625324, -71.1314672604866, 113, 3431, 33.4700012207031, '2017-11-26'),
(726, 5, 42.2422143722294, -71.1317148159236, 111, 3369, 35.3800010681152, '2017-11-26'),
(727, 5, 42.2430610377735, -71.1313085072405, 114, 3467, 33.8800010681152, '2017-11-26'),
(728, 5, 42.2433510516232, -71.1311857961781, 115, 3500, 34.1399993896484, '2017-11-26'),
(729, 5, 42.2436288278943, -71.1310582236118, 116, 3532, 33.3400001525879, '2017-11-26'),
(730, 5, 42.2439093701935, -71.1309201736666, 117, 3565, 33.0699996948242, '2017-11-26'),
(731, 5, 42.2441993421337, -71.1307746638275, 118, 3599, 32.7099990844727, '2017-11-26'),
(732, 5, 42.2444665991163, -71.1306347698636, 119, 3630, 32.5499992370605, '2017-11-26'),
(733, 5, 42.2450126381984, -71.1303628609247, 121, 3694, 32.0999984741211, '2017-11-26'),
(734, 5, 42.2447481053343, -71.1305000726796, 120, 3663, 32.2299995422363, '2017-11-26'),
(735, 5, 42.245282325933, -71.1302291695691, 122, 3725, 32.0800018310547, '2017-11-26'),
(736, 5, 42.2455292568004, -71.1300901976145, 123, 3754, 31.0400009155273, '2017-11-26'),
(737, 5, 42.245796429964, -71.1299296003497, 124, 3786, 31.5100002288818, '2017-11-26'),
(738, 5, 42.2460451629406, -71.129829939521, 125, 3814, 30.6299991607666, '2017-11-26'),
(739, 5, 42.2463055467626, -71.1297217291511, 126, 3844, 30.5, '2017-11-26'),
(740, 5, 42.24656101575, -71.1296257864791, 127, 3873, 30, '2017-11-26'),
(741, 5, 42.2470266031019, -71.1294025862999, 129, 3927, 28.7299995422363, '2017-11-26'),
(742, 5, 42.2467879659665, -71.1295169877139, 128, 3899, 28.6700000762939, '2017-11-26'),
(743, 5, 42.2475096452523, -71.1291691999475, 131, 3983, 28.3299999237061, '2017-11-26'),
(744, 5, 42.2479704995535, -71.1289437501249, 133, 4037, 27.6499996185303, '2017-11-26'),
(745, 5, 42.2477418817717, -71.1290555898934, 132, 4010, 27.8099994659424, '2017-11-26'),
(746, 5, 42.2472633143456, -71.1292891081486, 130, 3954, 28.5799999237061, '2017-11-26'),
(747, 5, 42.2482111525891, -71.1288260227129, 134, 4065, 27.7000007629395, '2017-11-26'),
(748, 5, 42.2484409939516, -71.1287135843691, 135, 4092, 27.6200008392334, '2017-11-26'),
(749, 5, 42.248915672051, -71.1284813719475, 137, 4147, 26.1200008392334, '2017-11-26'),
(750, 5, 42.2486902258095, -71.1285916601991, 136, 4121, 26.8400001525879, '2017-11-26'),
(751, 5, 42.2491331854829, -71.1283749644246, 138, 4172, 25.8899993896484, '2017-11-26'),
(752, 5, 42.2495604666741, -71.12816593856, 140, 4221, 24.9300003051758, '2017-11-26'),
(753, 5, 42.2493524844735, -71.1282676834067, 139, 4197, 25.1100006103516, '2017-11-26'),
(754, 5, 42.2497567848523, -71.1280698997505, 141, 4244, 24.1700000762939, '2017-11-26'),
(755, 5, 42.2499515472225, -71.127974622042, 142, 4267, 23.4200000762939, '2017-11-26'),
(756, 5, 42.2501364294077, -71.1278841777178, 143, 4288, 22.7099990844727, '2017-11-26'),
(757, 5, 42.2503299376819, -71.1277895135127, 144, 4310, 22.8099994659424, '2017-11-26'),
(758, 5, 42.2505235050194, -71.1276948204138, 145, 4332, 22.4799995422363, '2017-11-26'),
(759, 5, 42.2506957889288, -71.1276110344314, 146, 4352, 21.7000007629395, '2017-11-26'),
(760, 5, 42.2508807443143, -71.1275229889129, 147, 4373, 21.3199996948242, '2017-11-26'),
(761, 5, 42.2510516132826, -71.1274416490436, 148, 4393, 20.5900001525879, '2017-11-26'),
(762, 5, 42.2512331738018, -71.1273552196055, 149, 4414, 20.4699993133545, '2017-11-26'),
(763, 5, 42.2512667599156, -71.1273392313888, 150, 4417, 19.7800006866455, '2017-11-26'),
(764, 5, 42.2515655712778, -71.1271959106636, 151, 4452, 19.6900005340576, '2017-11-26'),
(765, 5, 42.2517186870983, -71.127123139725, 152, 4470, 18.5300006866455, '2017-11-26'),
(766, 5, 42.2518629827905, -71.1270545607048, 153, 4486, 17.9699993133545, '2017-11-26'),
(767, 5, 42.2520152197148, -71.1269822074768, 154, 4503, 17.7800006866455, '2017-11-26'),
(768, 5, 42.252146737759, -71.1269197012545, 155, 4518, 16.2700004577637, '2017-11-26'),
(769, 5, 42.2522846897052, -71.1268541372091, 156, 4534, 16.2199993133545, '2017-11-26'),
(770, 5, 42.252426909462, -71.126786544813, 157, 4550, 15.9499998092651, '2017-11-26'),
(771, 5, 42.2526585532303, -71.1266764521108, 159, 4576, 13.8999996185303, '2017-11-26'),
(772, 5, 42.2525531423171, -71.1267265504681, 158, 4564, 15.1499996185303, '2017-11-26'),
(773, 5, 42.25278092588, -71.1266182923952, 160, 4590, 13.3500003814697, '2017-11-26'),
(774, 5, 42.2528727489935, -71.1265746518743, 161, 4600, 12.6300001144409, '2017-11-26'),
(775, 5, 42.2530639093062, -71.1264836776026, 163, 4621, 10.5699996948242, '2017-11-26'),
(776, 5, 42.2529556864081, -71.1265352027822, 162, 4609, 10.8500003814697, '2017-11-26'),
(777, 5, 42.2531222344019, -71.1264559088855, 164, 4627, 8.52999973297119, '2017-11-26'),
(778, 5, 42.2531791112847, -71.1264288296661, 165, 4633, 7.80000019073486, '2017-11-26'),
(779, 5, 42.2532802174607, -71.1263806927748, 167, 4644, 6.07999992370605, '2017-11-26'),
(780, 5, 42.2532317369318, -71.1264037744701, 166, 4639, 6.76999998092651, '2017-11-26'),
(781, 5, 42.2533167895572, -71.1263632807125, 168, 4648, 5.25, '2017-11-26'),
(782, 5, 42.2533544594624, -71.1263453459809, 169, 4652, 4.73000001907349, '2017-11-26'),
(783, 5, 42.253440878808, -71.1263042015245, 171, 4661, 4.51000022888184, '2017-11-26'),
(784, 5, 42.2533998348686, -71.1263237426419, 170, 4657, 4.42999982833862, '2017-11-26'),
(785, 5, 42.253440250613, -71.1263045006097, 172, 4661, 3.24000000953674, '2017-11-26'),
(786, 5, 42.25345091613, -71.1262994227316, 173, 4662, 2.74000000953674, '2017-11-26'),
(787, 5, 42.2534634901741, -71.1262934361993, 174, 4663, 2.14000010490417, '2017-11-26'),
(788, 5, 42.2534903872364, -71.1262806304438, 175, 4666, 2.49000000953674, '2017-11-26'),
(789, 5, 42.2535374051961, -71.1262582450812, 177, 4671, 2.15000009536743, '2017-11-26'),
(790, 5, 42.2535193218395, -71.1262668546104, 176, 4669, 2.80999994277954, '2017-11-26'),
(791, 5, 42.2535669762866, -71.1262441662145, 178, 4674, 2.59999990463257, '2017-11-26'),
(792, 5, 42.253586150732, -71.1262350372154, 179, 4676, 1.88999998569489, '2017-11-26'),
(793, 5, 42.2536050596125, -71.1262260346523, 180, 4678, 1.71000003814697, '2017-11-26'),
(794, 5, 42.2536257079103, -71.1262162039486, 183, 4679, 0.409999996423721, '2017-11-26'),
(795, 5, 42.253618932612, -71.1262194296842, 181, 4679, 1.02999997138977, '2017-11-26'),
(796, 5, 42.2536254014827, -71.1262163498395, 182, 4679, 0.790000021457672, '2017-11-26'),
(797, 5, 42.2536257079103, -71.1262162039486, 184, 4679, 0, '2017-11-26'),
(798, 6, 37.32694673, -122.01973001, 4, 12, 3.51, '2017-11-27'),
(799, 6, 37.32701219, -122.01972909, 2, 6, 3.34, '2017-11-27'),
(800, 6, 37.32697971, -122.01972916, 3, 9, 3.31, '2017-11-27'),
(801, 6, 37.32704552, -122.01972781, 1, 3, 3.63, '2017-11-27'),
(802, 6, 37.32688001, -122.01973119, 6, 18, 3.51, '2017-11-27'),
(803, 6, 37.32684623, -122.01973256, 7, 21, 3.54, '2017-11-27'),
(804, 6, 37.32691353, -122.0197326, 5, 15, 3.51, '2017-11-27'),
(805, 6, 37.32681244, -122.01973126, 8, 24, 3.54, '2017-11-27'),
(806, 6, 37.32666961, -122.01973905, 12, 36, 3.6, '2017-11-27'),
(807, 6, 37.32670529, -122.01973627, 11, 33, 3.55, '2017-11-27'),
(808, 6, 37.32677722, -122.01973186, 9, 27, 3.54, '2017-11-27'),
(809, 6, 37.32674125, -122.01973429, 10, 30, 3.57, '2017-11-27'),
(810, 6, 37.32663325, -122.01974468, 13, 40, 3.55, '2017-11-27'),
(811, 6, 37.32655865, -122.01976278, 15, 48, 3.49, '2017-11-27'),
(812, 6, 37.3265958, -122.019755, 14, 44, 3.54, '2017-11-27'),
(813, 7, 37.3246248, -122.023166, 1, 1, 1.8, '2017-11-27'),
(814, 7, 37.32462605, -122.02327306, 4, 9, 3.69, '2017-11-27'),
(815, 7, 37.32462324, -122.02323353, 3, 6, 3.31, '2017-11-27'),
(816, 7, 37.32461958, -122.02319907, 2, 3, 3.28, '2017-11-27'),
(817, 7, 37.3246282, -122.02331837, 5, 13, 4.13, '2017-11-27'),
(818, 7, 37.32463487, -122.02335996, 6, 16, 3.85, '2017-11-27'),
(819, 7, 37.32463256, -122.02339656, 7, 19, 3.29, '2017-11-27'),
(820, 7, 37.32463193, -122.02343887, 8, 22, 3.82, '2017-11-27'),
(821, 7, 37.32462986, -122.02347873, 9, 25, 3.55, '2017-11-27'),
(822, 7, 37.32462792, -122.02351949, 10, 28, 3.58, '2017-11-27'),
(823, 7, 37.3246286, -122.02356127, 11, 31, 3.63, '2017-11-27'),
(824, 7, 37.32463012, -122.02360426, 12, 34, 3.68, '2017-11-27'),
(825, 7, 37.32463391, -122.02364774, 13, 37, 3.74, '2017-11-27'),
(826, 7, 37.3246316, -122.02369228, 14, 40, 3.54, '2017-11-27'),
(827, 7, 37.32463188, -122.02373378, 15, 43, 3.44, '2017-11-27'),
(828, 7, 37.32462841, -122.02377562, 16, 46, 3.57, '2017-11-27'),
(829, 7, 37.32462634, -122.02381665, 17, 49, 3.51, '2017-11-27'),
(830, 7, 37.32462582, -122.02385532, 18, 52, 3.29, '2017-11-27'),
(831, 7, 37.32462327, -122.02389086, 19, 55, 3.04, '2017-11-27'),
(832, 8, 37.32505675, -122.02506421, 4, 12, 3.85, '2017-11-27'),
(833, 8, 37.32509099, -122.02506347, 5, 15, 3.84, '2017-11-27'),
(834, 8, 37.32512076, -122.02506723, 6, 18, 3.29, '2017-11-27'),
(835, 8, 37.32514788, -122.02506739, 7, 21, 3.04, '2017-11-27'),
(836, 8, 37.32517505, -122.02506934, 8, 24, 2.97, '2017-11-27'),
(837, 8, 37.32520634, -122.02507169, 9, 27, 3.41, '2017-11-27'),
(838, 8, 37.32524099, -122.02507159, 10, 30, 3.75, '2017-11-27'),
(839, 8, 37.32527385, -122.02507318, 11, 33, 3.59, '2017-11-27'),
(840, 8, 37.32530773, -122.02507104, 12, 36, 3.7, '2017-11-27'),
(841, 8, 37.32534134, -122.0250728, 13, 39, 3.71, '2017-11-27'),
(842, 8, 37.32537458, -122.02507452, 14, 42, 3.71, '2017-11-27'),
(843, 8, 37.32495315, -122.02507215, 1, 3, 3.75, '2017-11-27'),
(844, 8, 37.32498776, -122.02506705, 2, 6, 3.78, '2017-11-27'),
(845, 8, 37.32502239, -122.02506513, 3, 9, 3.83, '2017-11-27'),
(846, 8, 37.32540693, -122.02508082, 15, 45, 3.72, '2017-11-27'),
(847, 8, 37.3254398, -122.0250814, 16, 48, 3.72, '2017-11-27'),
(848, 8, 37.32547346, -122.02508034, 17, 51, 3.79, '2017-11-27'),
(849, 8, 37.32550756, -122.02508123, 18, 54, 3.82, '2017-11-27'),
(850, 8, 37.32554232, -122.02508032, 19, 57, 3.89, '2017-11-27'),
(851, 8, 37.32557627, -122.02508339, 20, 60, 3.77, '2017-11-27'),
(852, 8, 37.32561029, -122.02508986, 21, 63, 3.72, '2017-11-27'),
(853, 8, 37.32564514, -122.02508477, 22, 66, 3.63, '2017-11-27'),
(854, 8, 37.32567963, -122.02507811, 23, 69, 3.71, '2017-11-27'),
(855, 8, 37.3257148, -122.02507279, 24, 72, 3.77, '2017-11-27'),
(856, 8, 37.32574959, -122.02506925, 25, 75, 3.74, '2017-11-27'),
(857, 8, 37.32578368, -122.02506681, 26, 78, 3.74, '2017-11-27'),
(858, 8, 37.32581744, -122.02506957, 27, 81, 3.78, '2017-11-27'),
(859, 9, 37.32892458, -122.02686389, 1, 4, 3.69, '2017-11-27'),
(860, 9, 37.32896226, -122.02686689, 2, 8, 3.89, '2017-11-27'),
(861, 9, 37.32899974, -122.02686519, 3, 12, 3.9, '2017-11-27'),
(862, 9, 37.32903652, -122.02686025, 4, 16, 3.91, '2017-11-27'),
(863, 9, 37.32907164, -122.02685981, 5, 19, 3.71, '2017-11-27'),
(864, 9, 37.3291425, -122.02685646, 7, 25, 3.77, '2017-11-27'),
(865, 9, 37.32921153, -122.02685753, 9, 31, 3.85, '2017-11-27'),
(866, 9, 37.32910677, -122.02685743, 6, 22, 3.74, '2017-11-27'),
(867, 9, 37.32924665, -122.02685768, 10, 34, 3.82, '2017-11-27'),
(868, 9, 37.32917735, -122.02685463, 8, 28, 3.73, '2017-11-27'),
(869, 9, 37.32939008, -122.02686116, 14, 49, 3.64, '2017-11-27'),
(870, 9, 37.32928324, -122.02685768, 11, 38, 3.91, '2017-11-27'),
(871, 9, 37.32935557, -122.02686294, 13, 46, 3.91, '2017-11-27'),
(872, 9, 37.32931951, -122.02686047, 12, 42, 3.91, '2017-11-27'),
(873, 9, 37.32949389, -122.02685151, 17, 58, 3.72, '2017-11-27'),
(874, 9, 37.32952819, -122.02684863, 18, 61, 3.71, '2017-11-27'),
(875, 9, 37.32942452, -122.02685901, 15, 52, 3.63, '2017-11-27'),
(876, 9, 37.32945907, -122.02685364, 16, 55, 3.67, '2017-11-27'),
(877, 9, 37.3295958, -122.02685248, 20, 67, 3.79, '2017-11-27'),
(878, 9, 37.32956209, -122.02684687, 19, 64, 3.71, '2017-11-27'),
(879, 9, 37.32963096, -122.02685221, 21, 70, 3.79, '2017-11-27'),
(880, 9, 37.32966692, -122.0268546, 22, 73, 3.82, '2017-11-27'),
(881, 9, 37.32973712, -122.02686174, 24, 79, 3.68, '2017-11-27'),
(882, 9, 37.32970245, -122.02685877, 23, 76, 3.77, '2017-11-27'),
(883, 9, 37.3297713, -122.02686339, 25, 82, 3.66, '2017-11-27'),
(884, 9, 37.32980562, -122.02686055, 26, 85, 3.71, '2017-11-27'),
(885, 9, 37.32987687, -122.02685307, 28, 92, 3.71, '2017-11-27'),
(886, 9, 37.32984161, -122.02685809, 27, 89, 3.79, '2017-11-27'),
(887, 9, 37.32991303, -122.0268494, 29, 96, 3.89, '2017-11-27'),
(888, 9, 37.32994938, -122.02684691, 30, 100, 3.9, '2017-11-27'),
(889, 9, 37.32998554, -122.02684629, 31, 104, 3.91, '2017-11-27'),
(890, 9, 37.33002195, -122.02684586, 32, 108, 3.99, '2017-11-27'),
(891, 10, 37.32873847, -122.01980584, 4, 12, 3.68, '2017-11-27'),
(892, 10, 37.32884136, -122.01980191, 1, 3, 3.63, '2017-11-27'),
(893, 10, 37.32877317, -122.0198055, 3, 9, 3.74, '2017-11-27'),
(894, 10, 37.32880772, -122.01980348, 2, 6, 3.68, '2017-11-27'),
(895, 10, 37.32870346, -122.01980704, 5, 15, 3.69, '2017-11-27'),
(896, 10, 37.32866874, -122.01980878, 6, 18, 3.62, '2017-11-27'),
(897, 10, 37.32863463, -122.0198088, 7, 21, 3.47, '2017-11-27'),
(898, 10, 37.32860074, -122.0198079, 8, 24, 3.51, '2017-11-27'),
(899, 10, 37.32856671, -122.01980584, 9, 27, 3.58, '2017-11-27'),
(900, 10, 37.32853204, -122.0198032, 10, 30, 3.59, '2017-11-27'),
(901, 10, 37.32849709, -122.01980393, 11, 33, 3.47, '2017-11-27'),
(902, 10, 37.32846266, -122.01980648, 12, 36, 3.48, '2017-11-27'),
(903, 10, 37.3284009, -122.01980697, 14, 42, 3.09, '2017-11-27'),
(904, 10, 37.32843164, -122.01980668, 13, 39, 2.74, '2017-11-27'),
(905, 10, 37.32837008, -122.01980712, 15, 45, 3.2, '2017-11-27'),
(906, 10, 37.32833935, -122.01980995, 16, 48, 3.14, '2017-11-27'),
(907, 10, 37.32830856, -122.01981483, 17, 51, 3.19, '2017-11-27'),
(908, 10, 37.32827747, -122.01981961, 18, 54, 3.16, '2017-11-27'),
(909, 10, 37.32824517, -122.01982348, 19, 57, 3.38, '2017-11-27'),
(910, 10, 37.32821272, -122.01982564, 20, 60, 3.16, '2017-11-27'),
(911, 10, 37.32817918, -122.01983013, 21, 63, 3.58, '2017-11-27'),
(912, 10, 37.32814552, -122.01983108, 22, 66, 3.6, '2017-11-27'),
(913, 10, 37.32811188, -122.01983097, 23, 69, 3.69, '2017-11-27'),
(914, 10, 37.32807821, -122.01983117, 24, 72, 3.74, '2017-11-27'),
(915, 10, 37.32804635, -122.01983021, 25, 75, 3.3, '2017-11-27'),
(916, 10, 37.3280145, -122.01982894, 26, 78, 3.44, '2017-11-27'),
(917, 10, 37.32798355, -122.01982712, 27, 81, 3.27, '2017-11-27'),
(918, 10, 37.32792156, -122.01982441, 29, 87, 3.31, '2017-11-27'),
(919, 10, 37.32795258, -122.01982651, 28, 84, 3.34, '2017-11-27'),
(920, 10, 37.32785692, -122.01981837, 31, 93, 3.99, '2017-11-27'),
(921, 10, 37.3278907, -122.01982212, 30, 90, 3.32, '2017-11-27'),
(922, 10, 37.3277908, -122.01981165, 33, 99, 3.25, '2017-11-27'),
(923, 10, 37.327823, -122.01981479, 32, 96, 3.66, '2017-11-27'),
(924, 10, 37.32775819, -122.01980315, 34, 102, 3.34, '2017-11-27'),
(925, 10, 37.32772595, -122.01979589, 35, 105, 3.29, '2017-11-27'),
(926, 10, 37.32769359, -122.0197843, 36, 108, 3.27, '2017-11-27'),
(927, 10, 37.32766122, -122.01977132, 37, 111, 3.22, '2017-11-27'),
(928, 10, 37.32762795, -122.01975967, 38, 114, 3.32, '2017-11-27'),
(929, 10, 37.32759409, -122.01974939, 39, 117, 3.44, '2017-11-27'),
(930, 10, 37.32756022, -122.01974095, 40, 120, 3.36, '2017-11-27'),
(931, 10, 37.32752754, -122.01973437, 41, 123, 3.28, '2017-11-27'),
(932, 10, 37.32749636, -122.01972907, 42, 126, 3.15, '2017-11-27'),
(933, 10, 37.32746542, -122.01972558, 43, 129, 3.37, '2017-11-27'),
(934, 10, 37.32743454, -122.01972489, 44, 132, 3.43, '2017-11-27'),
(935, 10, 37.32740296, -122.01972362, 45, 135, 3.67, '2017-11-27'),
(936, 10, 37.32737099, -122.0197217, 46, 138, 3.61, '2017-11-27'),
(937, 10, 37.32733927, -122.01971962, 47, 141, 3.57, '2017-11-27'),
(938, 10, 37.32730909, -122.01971718, 48, 144, 3.22, '2017-11-27'),
(939, 10, 37.32727968, -122.01971621, 49, 147, 3.19, '2017-11-27'),
(940, 10, 37.3272494, -122.01971639, 50, 150, 3.43, '2017-11-27'),
(941, 10, 37.32721889, -122.01971727, 51, 153, 3.25, '2017-11-27'),
(942, 10, 37.32718582, -122.01971872, 52, 156, 3.81, '2017-11-27'),
(943, 10, 37.32715222, -122.01972193, 53, 159, 3.54, '2017-11-27'),
(944, 10, 37.32711673, -122.01972438, 54, 162, 3.87, '2017-11-27'),
(945, 10, 37.32704552, -122.01972781, 56, 169, 3.63, '2017-11-27'),
(946, 10, 37.32708072, -122.01972679, 55, 166, 3.82, '2017-11-27'),
(947, 10, 37.32701219, -122.01972909, 57, 172, 3.34, '2017-11-27'),
(948, 10, 37.32694673, -122.01973001, 59, 178, 3.51, '2017-11-27'),
(949, 10, 37.32691353, -122.0197326, 60, 181, 3.51, '2017-11-27'),
(950, 10, 37.32697971, -122.01972916, 58, 175, 3.31, '2017-11-27'),
(951, 10, 37.32688001, -122.01973119, 61, 184, 3.51, '2017-11-27'),
(952, 10, 37.32684623, -122.01973256, 62, 187, 3.54, '2017-11-27'),
(953, 10, 37.32681244, -122.01973126, 63, 190, 3.54, '2017-11-27'),
(954, 10, 37.32677722, -122.01973186, 64, 193, 3.54, '2017-11-27'),
(955, 10, 37.32674125, -122.01973429, 65, 196, 3.57, '2017-11-27'),
(956, 10, 37.32670529, -122.01973627, 66, 199, 3.55, '2017-11-27'),
(957, 10, 37.32663325, -122.01974468, 68, 206, 3.55, '2017-11-27'),
(958, 10, 37.32666961, -122.01973905, 67, 202, 3.6, '2017-11-27'),
(959, 11, 37.3284517, -122.02685839, 0, 0, 3.71, '2017-11-27'),
(960, 11, 37.32859921, -122.02685503, 4, 15, 3.82, '2017-11-27'),
(961, 11, 37.32848719, -122.02685389, 1, 3, 3.7, '2017-11-27'),
(962, 11, 37.32852455, -122.02685257, 2, 7, 3.84, '2017-11-27'),
(963, 11, 37.32856216, -122.02685211, 3, 11, 3.85, '2017-11-27'),
(964, 11, 37.32863639, -122.02685739, 5, 19, 3.8, '2017-11-27'),
(965, 11, 37.32867214, -122.02685475, 6, 22, 3.71, '2017-11-27'),
(966, 11, 37.32870864, -122.02685774, 7, 26, 3.86, '2017-11-27'),
(967, 11, 37.32874512, -122.02685872, 8, 30, 3.83, '2017-11-27'),
(968, 11, 37.32878172, -122.02686242, 9, 34, 3.8, '2017-11-27'),
(969, 11, 37.32881705, -122.02686485, 10, 37, 3.7, '2017-11-27'),
(970, 11, 37.32885356, -122.02686307, 11, 41, 3.67, '2017-11-27'),
(971, 11, 37.32888846, -122.02686653, 12, 44, 3.45, '2017-11-27'),
(972, 11, 37.32892458, -122.02686389, 13, 48, 3.69, '2017-11-27'),
(973, 11, 37.32896226, -122.02686689, 14, 52, 3.89, '2017-11-27'),
(974, 11, 37.32899974, -122.02686519, 15, 56, 3.9, '2017-11-27'),
(975, 11, 37.32903652, -122.02686025, 16, 60, 3.91, '2017-11-27'),
(976, 11, 37.32910677, -122.02685743, 18, 66, 3.74, '2017-11-27'),
(977, 11, 37.32907164, -122.02685981, 17, 63, 3.71, '2017-11-27'),
(978, 11, 37.3291425, -122.02685646, 19, 69, 3.77, '2017-11-27'),
(979, 11, 37.32917735, -122.02685463, 20, 72, 3.73, '2017-11-27'),
(980, 11, 37.32921153, -122.02685753, 21, 75, 3.85, '2017-11-27'),
(981, 11, 37.32924665, -122.02685768, 22, 78, 3.82, '2017-11-27'),
(982, 11, 37.32928324, -122.02685768, 23, 82, 3.91, '2017-11-27'),
(983, 11, 37.32931951, -122.02686047, 24, 86, 3.91, '2017-11-27'),
(984, 11, 37.32935557, -122.02686294, 25, 90, 3.91, '2017-11-27'),
(985, 11, 37.32939008, -122.02686116, 26, 93, 3.64, '2017-11-27'),
(986, 11, 37.32942452, -122.02685901, 27, 96, 3.63, '2017-11-27'),
(987, 11, 37.32945907, -122.02685364, 28, 99, 3.67, '2017-11-27'),
(988, 11, 37.32949389, -122.02685151, 29, 102, 3.72, '2017-11-27'),
(989, 11, 37.32952819, -122.02684863, 30, 105, 3.71, '2017-11-27'),
(990, 11, 37.32956209, -122.02684687, 31, 108, 3.71, '2017-11-27'),
(991, 11, 37.3295958, -122.02685248, 32, 111, 3.79, '2017-11-27'),
(992, 11, 37.32963096, -122.02685221, 33, 114, 3.79, '2017-11-27'),
(993, 11, 37.32966692, -122.0268546, 34, 117, 3.82, '2017-11-27'),
(994, 11, 37.32973712, -122.02686174, 36, 123, 3.68, '2017-11-27'),
(995, 11, 37.32970245, -122.02685877, 35, 120, 3.77, '2017-11-27'),
(996, 11, 37.3297713, -122.02686339, 37, 126, 3.66, '2017-11-27'),
(997, 11, 37.32980562, -122.02686055, 38, 129, 3.71, '2017-11-27'),
(998, 11, 37.32984161, -122.02685809, 39, 133, 3.79, '2017-11-27'),
(999, 11, 37.32987687, -122.02685307, 40, 136, 3.71, '2017-11-27'),
(1000, 11, 37.32991303, -122.0268494, 41, 140, 3.89, '2017-11-27'),
(1001, 11, 37.32994938, -122.02684691, 42, 144, 3.9, '2017-11-27'),
(1002, 11, 37.32998554, -122.02684629, 43, 148, 3.91, '2017-11-27'),
(1003, 11, 37.33002195, -122.02684586, 44, 152, 3.99, '2017-11-27'),
(1004, 11, 37.33005828, -122.02684323, 45, 156, 3.94, '2017-11-27'),
(1005, 11, 37.33009575, -122.02684285, 46, 160, 4.01, '2017-11-27'),
(1006, 11, 37.33013262, -122.02684842, 47, 164, 3.98, '2017-11-27'),
(1007, 11, 37.33016634, -122.02686902, 48, 168, 4.09, '2017-11-27'),
(1008, 11, 37.33018597, -122.02690359, 49, 171, 3.88, '2017-11-27'),
(1009, 11, 37.33019614, -122.02694363, 50, 174, 3.92, '2017-11-27'),
(1010, 11, 37.33020192, -122.02698629, 51, 177, 3.92, '2017-11-27'),
(1011, 11, 37.3302088, -122.02703037, 52, 180, 3.97, '2017-11-27'),
(1012, 11, 37.33020883, -122.02707502, 53, 183, 3.87, '2017-11-27'),
(1013, 11, 37.33020998, -122.0271203, 54, 187, 3.94, '2017-11-27'),
(1014, 11, 37.33020999, -122.02716513, 55, 190, 3.91, '2017-11-27'),
(1015, 11, 37.33021448, -122.02725974, 57, 198, 4, '2017-11-27'),
(1016, 11, 37.33021106, -122.0272125, 56, 194, 4.02, '2017-11-27'),
(1017, 11, 37.33021473, -122.0273086, 58, 202, 3.98, '2017-11-27'),
(1018, 11, 37.33021589, -122.027357, 59, 206, 4.01, '2017-11-27'),
(1019, 11, 37.33021875, -122.02740358, 60, 210, 3.79, '2017-11-27'),
(1020, 11, 37.33022045, -122.02745244, 61, 214, 4.04, '2017-11-27'),
(1021, 11, 37.33021877, -122.02749915, 62, 218, 3.81, '2017-11-27'),
(1022, 11, 37.33021917, -122.02754536, 63, 222, 3.83, '2017-11-27'),
(1023, 11, 37.33022055, -122.02759074, 64, 226, 3.83, '2017-11-27'),
(1024, 11, 37.33022186, -122.02763526, 65, 229, 3.65, '2017-11-27'),
(1025, 11, 37.33022231, -122.02767645, 66, 232, 3.57, '2017-11-27'),
(1026, 11, 37.33022114, -122.02771776, 67, 235, 3.63, '2017-11-27'),
(1027, 11, 37.33022287, -122.02775694, 68, 238, 3.56, '2017-11-27'),
(1028, 11, 37.33022215, -122.02779626, 69, 241, 3.57, '2017-11-27'),
(1029, 11, 37.33022235, -122.02783534, 70, 244, 3.59, '2017-11-27'),
(1030, 11, 37.33022218, -122.02787449, 71, 247, 3.62, '2017-11-27'),
(1031, 11, 37.33022215, -122.02791328, 72, 250, 3.53, '2017-11-27'),
(1032, 11, 37.33022255, -122.02795583, 73, 253, 3.57, '2017-11-27'),
(1033, 11, 37.33022614, -122.02799823, 74, 256, 3.61, '2017-11-27'),
(1034, 11, 37.33023489, -122.02804092, 75, 259, 3.69, '2017-11-27'),
(1035, 11, 37.33024447, -122.02807693, 76, 262, 3.14, '2017-11-27'),
(1036, 12, 37.330248, -122.02724276, 3, 12, 3.94, '2017-11-27'),
(1037, 12, 37.33025023, -122.02738579, 0, 0, 4.13, '2017-11-27'),
(1038, 12, 37.33024878, -122.02728991, 2, 8, 3.92, '2017-11-27'),
(1039, 12, 37.33024947, -122.0273368, 1, 4, 4.12, '2017-11-27'),
(1040, 12, 37.33023637, -122.02710112, 6, 24, 4, '2017-11-27'),
(1041, 12, 37.33024596, -122.02719578, 4, 16, 3.91, '2017-11-27'),
(1042, 12, 37.33023967, -122.02714858, 5, 20, 4.02, '2017-11-27'),
(1043, 12, 37.33023302, -122.0270539, 7, 28, 3.98, '2017-11-27'),
(1044, 12, 37.33023066, -122.02700675, 8, 32, 3.98, '2017-11-27'),
(1045, 12, 37.33023165, -122.02695957, 9, 36, 3.97, '2017-11-27'),
(1046, 12, 37.33023169, -122.02690797, 10, 40, 4.42, '2017-11-27'),
(1047, 12, 37.33022841, -122.02685943, 11, 44, 4.22, '2017-11-27'),
(1048, 12, 37.33022267, -122.02681114, 12, 48, 4.23, '2017-11-27'),
(1049, 12, 37.33021775, -122.0267642, 13, 52, 4, '2017-11-27'),
(1050, 12, 37.33020948, -122.02662384, 16, 64, 3.92, '2017-11-27'),
(1051, 12, 37.33020696, -122.02657718, 17, 68, 3.98, '2017-11-27'),
(1052, 12, 37.33020941, -122.02666981, 15, 60, 4.02, '2017-11-27'),
(1053, 12, 37.33021261, -122.02671669, 14, 56, 4.09, '2017-11-27'),
(1054, 12, 37.33020595, -122.02644197, 20, 79, 3.81, '2017-11-27'),
(1055, 12, 37.33020748, -122.02648743, 19, 75, 3.7, '2017-11-27'),
(1056, 12, 37.33020503, -122.02639735, 21, 82, 3.75, '2017-11-27'),
(1057, 12, 37.33020798, -122.0265316, 18, 72, 3.78, '2017-11-27'),
(1058, 12, 37.33020298, -122.02630513, 23, 90, 3.8, '2017-11-27'),
(1059, 12, 37.33020057, -122.02625808, 24, 94, 3.93, '2017-11-27'),
(1060, 12, 37.33020389, -122.02635116, 22, 86, 3.86, '2017-11-27'),
(1061, 12, 37.3301996, -122.02621029, 25, 98, 3.95, '2017-11-27'),
(1062, 12, 37.33019556, -122.02611639, 27, 106, 3.86, '2017-11-27'),
(1063, 12, 37.33019755, -122.02616308, 26, 102, 3.85, '2017-11-27'),
(1064, 12, 37.33019589, -122.02607266, 28, 109, 3.57, '2017-11-27'),
(1065, 12, 37.3301924, -122.02602822, 28, 112, 3.71, '2017-11-27'),
(1066, 12, 37.33019379, -122.02593683, 31, 120, 3.79, '2017-11-27'),
(1067, 12, 37.33019345, -122.02598301, 30, 116, 3.8, '2017-11-27'),
(1068, 12, 37.33019476, -122.02584787, 33, 127, 3.43, '2017-11-27'),
(1069, 12, 37.33019225, -122.02580206, 33, 131, 3.8, '2017-11-27'),
(1070, 12, 37.33019316, -122.02589012, 32, 124, 3.87, '2017-11-27'),
(1071, 12, 37.3301922, -122.02575657, 35, 135, 3.7, '2017-11-27'),
(1072, 12, 37.33019085, -122.02571177, 35, 138, 3.69, '2017-11-27'),
(1073, 12, 37.33019062, -122.02566455, 37, 142, 3.8, '2017-11-27'),
(1074, 12, 37.33019121, -122.02561845, 37, 146, 3.75, '2017-11-27'),
(1075, 12, 37.33019019, -122.02557003, 39, 150, 4.1, '2017-11-27'),
(1076, 12, 37.33019528, -122.02552394, 40, 154, 3.96, '2017-11-27'),
(1077, 12, 37.33019539, -122.02547858, 41, 158, 3.91, '2017-11-27'),
(1078, 12, 37.33019612, -122.02543657, 42, 161, 3.61, '2017-11-27'),
(1079, 12, 37.3301975, -122.02539606, 43, 164, 3.5, '2017-11-27'),
(1080, 12, 37.33019912, -122.02535325, 44, 167, 3.76, '2017-11-27'),
(1081, 12, 37.33020173, -122.0253108, 45, 170, 3.72, '2017-11-27'),
(1082, 12, 37.33020607, -122.0252685, 46, 173, 3.71, '2017-11-27'),
(1083, 12, 37.33020693, -122.02522546, 47, 176, 3.71, '2017-11-27'),
(1084, 12, 37.3302082, -122.02518302, 48, 179, 3.61, '2017-11-27'),
(1085, 12, 37.33020881, -122.02514114, 49, 182, 3.57, '2017-11-27'),
(1086, 12, 37.33020963, -122.02510043, 50, 185, 3.48, '2017-11-27'),
(1087, 12, 37.33020839, -122.02506027, 51, 188, 3.43, '2017-11-27'),
(1088, 13, 37.32916563, -122.01978822, 0, 0, 3.21, '2017-11-27'),
(1089, 13, 37.32913358, -122.0197871, 1, 3, 3.23, '2017-11-27'),
(1090, 13, 37.32905313, -122.01978939, 4, 10, 3.37, '2017-11-27'),
(1091, 13, 37.32910154, -122.01978488, 2, 6, 3.25, '2017-11-27'),
(1092, 13, 37.32906944, -122.01978829, 3, 9, 3.36, '2017-11-27'),
(1093, 13, 37.32902901, -122.01979056, 5, 12, 3.33, '2017-11-27'),
(1094, 13, 37.32900058, -122.01979331, 6, 15, 3.46, '2017-11-27'),
(1095, 13, 37.32896974, -122.01979508, 7, 18, 3.48, '2017-11-27'),
(1096, 13, 37.32893832, -122.01979684, 8, 21, 3.38, '2017-11-27'),
(1097, 13, 37.32890653, -122.01979843, 9, 24, 3.42, '2017-11-27'),
(1098, 13, 37.32880772, -122.01980348, 12, 33, 3.68, '2017-11-27'),
(1099, 13, 37.32884136, -122.01980191, 11, 30, 3.63, '2017-11-27'),
(1100, 13, 37.3288743, -122.01979896, 10, 27, 3.49, '2017-11-27'),
(1101, 13, 37.32877317, -122.0198055, 13, 36, 3.74, '2017-11-27'),
(1102, 13, 37.32870346, -122.01980704, 15, 42, 3.69, '2017-11-27'),
(1103, 13, 37.32873847, -122.01980584, 14, 39, 3.68, '2017-11-27'),
(1104, 13, 37.32866874, -122.01980878, 16, 45, 3.62, '2017-11-27'),
(1105, 13, 37.32863463, -122.0198088, 17, 48, 3.47, '2017-11-27'),
(1106, 13, 37.32860074, -122.0198079, 18, 51, 3.51, '2017-11-27'),
(1107, 13, 37.32856671, -122.01980584, 19, 54, 3.58, '2017-11-27'),
(1108, 13, 37.32853204, -122.0198032, 20, 57, 3.59, '2017-11-27'),
(1109, 13, 37.32849709, -122.01980393, 21, 60, 3.47, '2017-11-27'),
(1110, 13, 37.32843164, -122.01980668, 23, 66, 2.74, '2017-11-27'),
(1111, 13, 37.32846266, -122.01980648, 22, 63, 3.48, '2017-11-27'),
(1112, 13, 37.32837008, -122.01980712, 25, 72, 3.2, '2017-11-27'),
(1113, 13, 37.3284009, -122.01980697, 24, 69, 3.09, '2017-11-27'),
(1114, 13, 37.32833935, -122.01980995, 26, 75, 3.14, '2017-11-27'),
(1115, 13, 37.32830856, -122.01981483, 27, 78, 3.19, '2017-11-27'),
(1116, 13, 37.32827747, -122.01981961, 28, 81, 3.16, '2017-11-27'),
(1117, 13, 37.32824517, -122.01982348, 29, 84, 3.38, '2017-11-27'),
(1118, 13, 37.32821272, -122.01982564, 30, 87, 3.16, '2017-11-27'),
(1119, 13, 37.32817918, -122.01983013, 31, 90, 3.58, '2017-11-27'),
(1120, 13, 37.32814552, -122.01983108, 32, 93, 3.6, '2017-11-27'),
(1121, 13, 37.32811188, -122.01983097, 33, 96, 3.69, '2017-11-27'),
(1122, 13, 37.32807821, -122.01983117, 34, 99, 3.74, '2017-11-27'),
(1123, 13, 37.32804635, -122.01983021, 35, 102, 3.3, '2017-11-27'),
(1124, 13, 37.32798355, -122.01982712, 37, 108, 3.27, '2017-11-27'),
(1125, 13, 37.3280145, -122.01982894, 36, 105, 3.44, '2017-11-27'),
(1126, 13, 37.32795258, -122.01982651, 38, 111, 3.34, '2017-11-27'),
(1127, 13, 37.32792156, -122.01982441, 39, 114, 3.31, '2017-11-27'),
(1128, 13, 37.3278907, -122.01982212, 40, 117, 3.32, '2017-11-27'),
(1129, 13, 37.327823, -122.01981479, 42, 123, 3.66, '2017-11-27'),
(1130, 13, 37.32785692, -122.01981837, 41, 120, 3.99, '2017-11-27'),
(1131, 13, 37.3277908, -122.01981165, 43, 126, 3.25, '2017-11-27'),
(1132, 13, 37.32775819, -122.01980315, 44, 129, 3.34, '2017-11-27'),
(1133, 13, 37.32769359, -122.0197843, 46, 135, 3.27, '2017-11-27'),
(1134, 13, 37.32772595, -122.01979589, 45, 132, 3.29, '2017-11-27'),
(1135, 13, 37.32766122, -122.01977132, 47, 138, 3.22, '2017-11-27'),
(1136, 13, 37.32762795, -122.01975967, 48, 141, 3.32, '2017-11-27'),
(1137, 13, 37.32759409, -122.01974939, 49, 144, 3.44, '2017-11-27'),
(1138, 13, 37.32752754, -122.01973437, 51, 150, 3.28, '2017-11-27'),
(1139, 13, 37.32756022, -122.01974095, 50, 147, 3.36, '2017-11-27'),
(1140, 13, 37.32749636, -122.01972907, 52, 153, 3.15, '2017-11-27'),
(1141, 13, 37.32746542, -122.01972558, 53, 156, 3.37, '2017-11-27'),
(1142, 13, 37.32743454, -122.01972489, 54, 159, 3.43, '2017-11-27'),
(1143, 15, 42.3728041816897, -71.1163758114643, 3, 3, 3.38000011444092, '2017-12-05'),
(1144, 15, 42.372781131456, -71.1164238397694, 5, 10, 0.939999997615814, '2017-12-05'),
(1145, 15, 42.3728186404727, -71.116369776494, 4, 4, 1.53999996185303, '2017-12-05'),
(1146, 15, 42.3728296469403, -71.1163582617868, 2, 0, -1, '2017-12-05'),
(1147, 15, 42.3728292016707, -71.1163858697481, 6, 16, 0.209999993443489, '2017-12-05'),
(1148, 15, 42.3728228314243, -71.1163541861541, 7, 17, 1.24000000953674, '2017-12-05'),
(1149, 15, 42.3728217836864, -71.1163694412178, 7, 17, 1.17999994754791, '2017-12-05'),
(1150, 15, 42.3728238372527, -71.1163451336986, 8, 17, 0.550000011920929, '2017-12-05'),
(1151, 15, 42.3728141561545, -71.11633289612, 10, 17, 0.550000011920929, '2017-12-05'),
(1152, 15, 42.3728200653963, -71.116338260538, 9, 17, 0.569999992847443, '2017-12-05'),
(1153, 15, 42.372814030426, -71.1163240951217, 11, 17, 0.560000002384186, '2017-12-05'),
(1154, 15, 42.3728292854897, -71.1163305491871, 13, 18, 0.5, '2017-12-05'),
(1155, 15, 42.3728221189625, -71.1163227540172, 12, 17, 0.560000002384186, '2017-12-05'),
(1156, 16, 42.3728477485913, -71.116366532756, 0, 0, -1, '2017-12-05'),
(1157, 16, 42.3727310076751, -71.1165369954623, 4, 19, 2.50999999046326, '2017-12-05'),
(1158, 16, 42.3727737972907, -71.1164899729855, 5, 25, 2.11999988555908, '2017-12-05'),
(1159, 16, 42.3728942452393, -71.1165480595744, 6, 39, 1.35000002384186, '2017-12-05'),
(1160, 16, 42.3727758927665, -71.1164406873948, 7, 54, 1.82000005245209, '2017-12-05'),
(1161, 17, 42.3728635255642, -71.1162537709541, 0, 0, 0, '2017-12-05'),
(1162, 17, 42.3728635255642, -71.1162537709541, 1, 0, 0, '2017-12-05'),
(1163, 17, 42.3728635255642, -71.1162537709541, 3, 0, 0, '2017-12-05'),
(1164, 17, 42.3728635255642, -71.1162537709541, 2, 0, 0, '2017-12-05'),
(1165, 17, 42.3728600051649, -71.1162848678148, 4, 2, 0.259999990463257, '2017-12-05'),
(1166, 17, 42.3728437861822, -71.1162872985668, 5, 3, 0.259999990463257, '2017-12-05'),
(1167, 17, 42.3728525033615, -71.1162856221861, 6, 3, 0.360000014305115, '2017-12-05'),
(1168, 17, 42.3728538863756, -71.1162924115277, 7, 3, 0.400000005960464, '2017-12-05'),
(1169, 17, 42.3728608852647, -71.1162956804699, 8, 3, 0.379999995231628, '2017-12-05');

-- --------------------------------------------------------

--
-- Table structure for table `users`
--

CREATE TABLE `users` (
  `id` int(11) NOT NULL,
  `email` text COLLATE utf8_unicode_ci NOT NULL,
  `password` text COLLATE utf8_unicode_ci NOT NULL
) ENGINE=InnoDB DEFAULT CHARSET=utf8 COLLATE=utf8_unicode_ci;

--
-- Dumping data for table `users`
--

INSERT INTO `users` (`id`, `email`, `password`) VALUES
(1, 'tobysatterthwaite@gmail.com', '$2y$10$1.2vZMToYVNbXhHADp33buXcv6GDc82TbpM/eGwg2bAbhW1o6CvVi'),
(7, 'phone@user.mobi', '$2y$10$wlQB5QsiwrfROFbEm5b68.c6fDJbpcKCHqF7LAw3ea60eeQVOKRgG'),
(8, 'phone@user.mobi2', '$2y$10$JdWDDW24E.Ap5MJJs5eY9uiQR2aGVDqMAnEAxIsZNzE2MxN5BtREm'),
(9, 'phone@user3.mobi', '$2y$10$3ITeRgochWhCOX9vh7PcoeMpfRWqx63f.acY57P2bEU1hLAoqFoLO'),
(10, 'new@user.com', '$2y$10$auo/FrvOgmcbo19hmWDJTeMZG7mZTtzJeyag2Ri2I26FQJOXMWGyW'),
(11, 'newest@user.com', '$2y$10$JwJBCsZEOunS1djynHTixel8.2pGKsgspQUmpagv84PLqwRweh/KC');

-- --------------------------------------------------------

--
-- Table structure for table `workouts`
--

CREATE TABLE `workouts` (
  `id` int(11) NOT NULL,
  `userid` int(11) NOT NULL,
  `time` int(11) NOT NULL,
  `distance` int(11) NOT NULL,
  `speed` double NOT NULL,
  `date` date NOT NULL
) ENGINE=InnoDB DEFAULT CHARSET=utf8 COLLATE=utf8_unicode_ci;

--
-- Dumping data for table `workouts`
--

INSERT INTO `workouts` (`id`, `userid`, `time`, `distance`, `speed`, `date`) VALUES
(1, 1, 84, 271, 3.22619047619048, '2017-11-24'),
(2, 1, 28, 84, 3, '2017-11-24'),
(3, 1, 220, 754, 3.42727272727273, '2017-11-24'),
(4, 1, 850, 11461, 13.4835294117647, '2017-11-24'),
(5, 1, 185, 4679, 25.2918918918919, '2017-11-26'),
(6, 1, 15, 48, 3.2, '2017-11-27'),
(7, 1, 19, 55, 2.89473684210526, '2017-11-27'),
(8, 1, 27, 81, 3, '2017-11-27'),
(9, 1, 33, 108, 3.27272727272727, '2017-11-27'),
(10, 1, 69, 206, 2.98550724637681, '2017-11-27'),
(11, 1, 77, 262, 3.4025974025974, '2017-11-27'),
(12, 1, 51, 188, 3.68627450980392, '2017-11-27'),
(13, 1, 54, 159, 2.94444444444444, '2017-11-27'),
(14, 1, 0, 0, 0, '2017-11-27'),
(15, 1, 14, 18, 1.28571428571429, '2017-12-05'),
(16, 11, 7, 54, 7.71428571428571, '2017-12-05'),
(17, 11, 8, 3, 0.375, '2017-12-05');

--
-- Indexes for dumped tables
--

--
-- Indexes for table `points`
--
ALTER TABLE `points`
  ADD PRIMARY KEY (`id`);

--
-- Indexes for table `users`
--
ALTER TABLE `users`
  ADD PRIMARY KEY (`id`);

--
-- Indexes for table `workouts`
--
ALTER TABLE `workouts`
  ADD PRIMARY KEY (`id`);

--
-- AUTO_INCREMENT for dumped tables
--

--
-- AUTO_INCREMENT for table `points`
--
ALTER TABLE `points`
  MODIFY `id` int(11) NOT NULL AUTO_INCREMENT, AUTO_INCREMENT=1170;
--
-- AUTO_INCREMENT for table `users`
--
ALTER TABLE `users`
  MODIFY `id` int(11) NOT NULL AUTO_INCREMENT, AUTO_INCREMENT=12;
--
-- AUTO_INCREMENT for table `workouts`
--
ALTER TABLE `workouts`
  MODIFY `id` int(11) NOT NULL AUTO_INCREMENT, AUTO_INCREMENT=18;COMMIT;

/*!40101 SET CHARACTER_SET_CLIENT=@OLD_CHARACTER_SET_CLIENT */;
/*!40101 SET CHARACTER_SET_RESULTS=@OLD_CHARACTER_SET_RESULTS */;
/*!40101 SET COLLATION_CONNECTION=@OLD_COLLATION_CONNECTION */;
